model,approach,poison_pct,accuracy,auc,seconds,roc_fpr,roc_tpr
Neural Network,A,10,1.0,1.0,0.4912900924682617,"[0.0, 0.0, 0.0, 1.0]","[0.0, 0.00025, 1.0, 1.0]"
Neural Network,A,20,1.0,1.0,0.477189302444458,"[0.0, 0.0, 0.0, 1.0]","[0.0, 0.00025, 1.0, 1.0]"
Neural Network,A,30,1.0,1.0,0.4693737030029297,"[0.0, 0.0, 0.0, 1.0]","[0.0, 0.00025, 1.0, 1.0]"
Neural Network,A,40,1.0,1.0,0.48011016845703125,"[0.0, 0.0, 0.0, 1.0]","[0.0, 0.00025, 1.0, 1.0]"
Neural Network,A,50,1.0,1.0,0.48593783378601074,"[0.0, 0.0, 0.0, 1.0]","[0.0, 0.00025, 1.0, 1.0]"
Neural Network,B,10,0.838875,0.9144847500000001,1.0093958377838135,"[0.0, 0.0, 0.0, 0.00025, 0.00025, 0.0005, 0.0005, 0.00075, 0.00075, 0.001, 0.001, 0.00125, 0.00125, 0.0015, 0.0015, 0.00175, 0.00175, 0.002, 0.002, 0.00225, 0.00225, 0.0025, 0.0025, 0.00275, 0.00275, 0.003, 0.003, 0.00325, 0.00325, 0.0035, 0.0035, 0.00375, 0.00375, 0.004, 0.004, 0.00425, 0.00425, 0.0045, 0.0045, 0.00475, 0.00475, 0.005, 0.005, 0.00525, 0.00525, 0.0055, 0.0055, 0.00575, 0.00575, 0.006, 0.006, 0.00625, 0.00625, 0.0065, 0.0065, 0.00675, 0.00675, 0.00725, 0.00725, 0.0075, 0.0075, 0.00775, 0.00775, 0.008, 0.008, 0.00825, 0.00825, 0.0085, 0.0085, 0.00875, 0.00875, 0.009, 0.009, 0.00925, 0.00925, 0.0095, 0.0095, 0.00975, 0.00975, 0.01, 0.01, 0.01025, 0.01025, 0.0105, 0.0105, 0.01075, 0.01075, 0.011, 0.011, 0.0115, 0.0115, 0.01175, 0.01175, 0.012, 0.012, 0.01225, 0.01225, 0.0125, 0.0125, 0.01275, 0.01275, 0.013, 0.013, 0.01325, 0.01325, 0.0135, 0.0135, 0.01375, 0.01375, 0.014, 0.014, 0.0145, 0.0145, 0.01475, 0.01475, 0.015, 0.015, 0.01525, 0.01525, 0.0155, 0.0155, 0.01575, 0.01575, 0.016, 0.016, 0.01625, 0.01625, 0.0165, 0.0165, 0.01675, 0.01675, 0.017, 0.017, 0.01725, 0.01725, 0.0175, 0.0175, 0.01775, 0.01775, 0.018, 0.018, 0.01825, 0.01825, 0.0185, 0.0185, 0.01875, 0.01875, 0.019, 0.019, 0.0195, 0.0195, 0.01975, 0.01975, 0.02, 0.02, 0.02025, 0.02025, 0.0205, 0.0205, 0.02075, 0.02075, 0.021, 0.021, 0.02125, 0.02125, 0.0215, 0.0215, 0.02175, 0.02175, 0.022, 0.022, 0.02225, 0.02225, 0.0225, 0.0225, 0.02275, 0.02275, 0.023, 0.023, 0.02325, 0.02325, 0.0235, 0.0235, 0.02375, 0.02375, 0.024, 0.024, 0.02425, 0.02425, 0.0245, 0.0245, 0.02475, 0.02475, 0.025, 0.025, 0.02525, 0.02525, 0.0255, 0.0255, 0.02575, 0.02575, 0.026, 0.026, 0.02625, 0.02625, 0.0265, 0.0265, 0.02675, 0.02675, 0.027, 0.027, 0.02725, 0.02725, 0.02825, 0.02825, 0.0285, 0.0285, 0.02875, 0.02875, 0.029, 0.029, 0.02925, 0.02925, 0.0295, 0.0295, 0.02975, 0.02975, 0.03, 0.03, 0.03025, 0.03025, 0.03075, 0.03075, 0.031, 0.031, 0.03125, 0.03125, 0.03175, 0.03175, 0.032, 0.032, 0.03225, 0.03225, 0.0325, 0.0325, 0.03275, 0.03275, 0.03375, 0.03375, 0.034, 0.034, 0.03425, 0.03425, 0.0345, 0.0345, 0.03475, 0.03475, 0.035, 0.035, 0.03525, 0.03525, 0.0355, 0.0355, 0.03575, 0.03575, 0.036, 0.036, 0.03625, 0.03625, 0.0365, 0.0365, 0.03675, 0.03675, 0.037, 0.037, 0.03725, 0.03725, 0.0375, 0.0375, 0.03775, 0.03775, 0.038, 0.038, 0.03825, 0.03825, 0.0385, 0.0385, 0.03875, 0.03875, 0.0395, 0.0395, 0.03975, 0.03975, 0.04025, 0.04025, 0.04075, 0.04075, 0.04175, 0.04175, 0.042, 0.042, 0.0425, 0.0425, 0.04275, 0.04275, 0.043, 0.043, 0.0435, 0.0435, 0.044, 0.044, 0.04425, 0.04425, 0.0445, 0.0445, 0.04475, 0.04475, 0.045, 0.045, 0.04525, 0.04525, 0.0455, 0.0455, 0.04575, 0.04575, 0.04625, 0.04625, 0.047, 0.047, 0.04725, 0.04725, 0.0475, 0.0475, 0.04775, 0.04775, 0.048, 0.048, 0.04825, 0.04825, 0.0485, 0.0485, 0.04875, 0.04875, 0.049, 0.049, 0.0495, 0.0495, 0.04975, 0.04975, 0.05, 0.05, 0.05025, 0.05025, 0.0505, 0.0505, 0.05075, 0.05075, 0.051, 0.051, 0.05125, 0.05125, 0.0515, 0.0515, 0.05225, 0.05225, 0.0525, 0.0525, 0.05275, 0.05275, 0.053, 0.053, 0.0535, 0.0535, 0.05375, 0.05375, 0.054, 0.054, 0.05425, 0.05425, 0.0545, 0.0545, 0.05475, 0.05475, 0.055, 0.055, 0.0555, 0.0555, 0.056, 0.056, 0.05625, 0.05625, 0.0565, 0.0565, 0.05675, 0.05675, 0.057, 0.057, 0.0575, 0.0575, 0.05775, 0.05775, 0.058, 0.058, 0.05825, 0.05825, 0.0585, 0.0585, 0.059, 0.059, 0.0595, 0.0595, 0.05975, 0.05975, 0.06, 0.06, 0.06025, 0.06025, 0.0605, 0.0605, 0.061, 0.061, 0.06125, 0.06125, 0.0615, 0.0615, 0.06175, 0.06175, 0.062, 0.062, 0.0625, 0.0625, 0.06275, 0.06275, 0.063, 0.063, 0.06325, 0.06325, 0.0635, 0.0635, 0.06375, 0.06375, 0.064, 0.064, 0.06425, 0.06425, 0.065, 0.065, 0.06525, 0.06525, 0.06575, 0.06575, 0.066, 0.066, 0.06625, 0.06625, 0.0665, 0.0665, 0.06675, 0.06675, 0.06725, 0.06725, 0.0675, 0.0675, 0.06775, 0.06775, 0.06825, 0.06825, 0.0685, 0.0685, 0.06925, 0.06925, 0.07025, 0.07025, 0.0705, 0.0705, 0.07075, 0.07075, 0.071, 0.071, 0.07125, 0.07125, 0.0715, 0.0715, 0.07175, 0.07175, 0.07225, 0.07225, 0.0725, 0.0725, 0.07275, 0.07275, 0.073, 0.073, 0.07325, 0.07325, 0.0735, 0.0735, 0.07425, 0.07425, 0.0745, 0.0745, 0.07475, 0.07475, 0.075, 0.075, 0.07525, 0.07525, 0.0755, 0.0755, 0.07575, 0.07575, 0.0765, 0.0765, 0.07675, 0.07675, 0.077, 0.077, 0.07725, 0.07725, 0.0775, 0.0775, 0.07775, 0.07775, 0.078, 0.078, 0.07825, 0.07825, 0.07875, 0.07875, 0.07925, 0.07925, 0.08, 0.08, 0.08025, 0.08025, 0.0805, 0.0805, 0.08075, 0.08075, 0.0815, 0.0815, 0.08175, 0.08175, 0.08225, 0.08225, 0.08275, 0.08275, 0.08325, 0.08325, 0.0835, 0.0835, 0.084, 0.084, 0.08425, 0.08425, 0.0845, 0.0845, 0.08475, 0.08475, 0.085, 0.085, 0.08525, 0.08525, 0.08575, 0.08575, 0.086, 0.086, 0.0865, 0.0865, 0.08675, 0.08675, 0.087, 0.087, 0.0875, 0.0875, 0.08925, 0.08925, 0.0895, 0.0895, 0.08975, 0.08975, 0.09025, 0.09025, 0.09075, 0.09075, 0.091, 0.091, 0.0915, 0.0915, 0.09175, 0.09175, 0.092, 0.092, 0.09225, 0.09225, 0.093, 0.093, 0.09325, 0.09325, 0.0935, 0.0935, 0.094, 0.094, 0.09425, 0.09425, 0.09475, 0.09475, 0.095, 0.095, 0.09525, 0.09525, 0.096, 0.096, 0.09625, 0.09625, 0.0975, 0.0975, 0.09775, 0.09775, 0.098, 0.098, 0.0985, 0.0985, 0.09875, 0.09875, 0.099, 0.099, 0.09925, 0.09925, 0.0995, 0.0995, 0.09975, 0.09975, 0.1, 0.1, 0.10025, 0.10025, 0.101, 0.101, 0.10125, 0.10125, 0.10175, 0.10175, 0.102, 0.102, 0.10225, 0.10225, 0.1025, 0.1025, 0.103, 0.103, 0.10325, 0.10325, 0.104, 0.104, 0.10425, 0.10425, 0.10475, 0.10475, 0.10525, 0.10525, 0.10575, 0.10575, 0.10625, 0.10625, 0.10675, 0.10675, 0.108, 0.108, 0.10825, 0.10825, 0.1085, 0.1085, 0.10875, 0.10875, 0.109, 0.109, 0.10925, 0.10925, 0.11, 0.11, 0.1105, 0.1105, 0.11075, 0.11075, 0.111, 0.111, 0.11125, 0.11125, 0.11175, 0.11175, 0.112, 0.112, 0.11225, 0.11225, 0.1125, 0.1125, 0.11275, 0.11275, 0.113, 0.113, 0.11325, 0.11325, 0.1135, 0.1135, 0.114, 0.114, 0.1145, 0.1145, 0.11575, 0.11575, 0.116, 0.116, 0.11675, 0.11675, 0.117, 0.117, 0.1175, 0.1175, 0.1185, 0.1185, 0.119, 0.119, 0.11925, 0.11925, 0.1195, 0.1195, 0.11975, 0.11975, 0.12, 0.12, 0.1205, 0.1205, 0.12075, 0.12075, 0.1215, 0.1215, 0.12175, 0.12175, 0.12325, 0.12325, 0.12375, 0.12375, 0.124, 0.124, 0.125, 0.125, 0.12525, 0.12525, 0.1255, 0.1255, 0.12575, 0.12575, 0.12675, 0.12675, 0.127, 0.127, 0.12725, 0.12725, 0.128, 0.128, 0.12825, 0.12825, 0.1285, 0.1285, 0.12875, 0.12875, 0.129, 0.129, 0.1295, 0.1295, 0.12975, 0.12975, 0.13, 0.13, 0.13025, 0.13025, 0.1305, 0.1305, 0.131, 0.131, 0.13125, 0.13125, 0.13175, 0.13175, 0.132, 0.132, 0.13225, 0.13225, 0.1325, 0.1325, 0.13325, 0.13325, 0.1335, 0.1335, 0.13375, 0.13375, 0.134, 0.134, 0.13425, 0.13425, 0.1345, 0.1345, 0.135, 0.135, 0.13525, 0.13525, 0.1355, 0.1355, 0.13575, 0.13575, 0.13675, 0.13675, 0.137, 0.137, 0.13725, 0.13725, 0.1375, 0.1375, 0.13825, 0.13825, 0.139, 0.139, 0.13975, 0.13975, 0.14, 0.14, 0.14025, 0.14025, 0.14075, 0.14075, 0.141, 0.141, 0.14125, 0.14125, 0.14225, 0.14225, 0.1425, 0.1425, 0.14275, 0.14275, 0.14325, 0.14325, 0.1435, 0.1435, 0.14375, 0.14375, 0.14475, 0.14475, 0.1455, 0.1455, 0.14575, 0.14575, 0.14625, 0.14625, 0.147, 0.147, 0.14775, 0.14775, 0.148, 0.148, 0.149, 0.149, 0.1495, 0.1495, 0.15025, 0.15025, 0.1505, 0.1505, 0.1515, 0.1515, 0.15175, 0.15175, 0.152, 0.152, 0.15225, 0.15225, 0.153, 0.153, 0.15475, 0.15475, 0.155, 0.155, 0.15525, 0.15525, 0.156, 0.156, 0.1565, 0.1565, 0.15675, 0.15675, 0.157, 0.157, 0.15775, 0.15775, 0.1585, 0.1585, 0.15925, 0.15925, 0.16, 0.16, 0.1605, 0.1605, 0.16075, 0.16075, 0.16125, 0.16125, 0.163, 0.163, 0.16325, 0.16325, 0.1635, 0.1635, 0.16375, 0.16375, 0.16575, 0.16575, 0.166, 0.166, 0.16625, 0.16625, 0.1665, 0.1665, 0.16725, 0.16725, 0.1675, 0.1675, 0.16775, 0.16775, 0.168, 0.168, 0.16925, 0.16925, 0.1695, 0.1695, 0.16975, 0.16975, 0.17075, 0.17075, 0.17125, 0.17125, 0.172, 0.172, 0.173, 0.173, 0.17525, 0.17525, 0.17575, 0.17575, 0.17725, 0.17725, 0.17775, 0.17775, 0.178, 0.178, 0.179, 0.179, 0.17925, 0.17925, 0.1795, 0.1795, 0.18, 0.18, 0.1805, 0.1805, 0.18125, 0.18125, 0.18175, 0.18175, 0.18225, 0.18225, 0.1825, 0.1825, 0.183, 0.183, 0.18325, 0.18325, 0.18375, 0.18375, 0.184, 0.184, 0.18425, 0.18425, 0.1845, 0.1845, 0.185, 0.185, 0.18575, 0.18575, 0.18675, 0.18675, 0.188, 0.188, 0.18825, 0.18825, 0.189, 0.189, 0.19, 0.19, 0.191, 0.191, 0.1915, 0.1915, 0.19175, 0.19175, 0.192, 0.192, 0.1925, 0.1925, 0.1935, 0.1935, 0.19375, 0.19375, 0.1955, 0.1955, 0.1965, 0.1965, 0.197, 0.197, 0.19725, 0.19725, 0.19875, 0.19875, 0.199, 0.199, 0.1995, 0.1995, 0.201, 0.201, 0.2015, 0.2015, 0.20175, 0.20175, 0.202, 0.202, 0.20275, 0.20275, 0.20325, 0.20325, 0.20375, 0.20375, 0.2045, 0.2045, 0.20475, 0.20475, 0.205, 0.205, 0.206, 0.206, 0.207, 0.207, 0.20775, 0.20775, 0.2085, 0.2085, 0.209, 0.209, 0.21025, 0.21025, 0.2105, 0.2105, 0.21125, 0.21125, 0.2115, 0.2115, 0.212, 0.212, 0.21225, 0.21225, 0.2125, 0.2125, 0.2135, 0.2135, 0.21375, 0.21375, 0.21475, 0.21475, 0.215, 0.215, 0.2155, 0.2155, 0.21575, 0.21575, 0.216, 0.216, 0.217, 0.217, 0.2175, 0.2175, 0.21825, 0.21825, 0.21875, 0.21875, 0.21925, 0.21925, 0.2195, 0.2195, 0.2205, 0.2205, 0.22125, 0.22125, 0.2215, 0.2215, 0.222, 0.222, 0.2225, 0.2225, 0.22325, 0.22325, 0.2255, 0.2255, 0.22575, 0.22575, 0.226, 0.226, 0.22625, 0.22625, 0.2265, 0.2265, 0.22675, 0.22675, 0.22725, 0.22725, 0.22875, 0.22875, 0.22925, 0.22925, 0.23075, 0.23075, 0.23125, 0.23125, 0.2315, 0.2315, 0.23175, 0.23175, 0.232, 0.232, 0.23225, 0.23225, 0.234, 0.234, 0.23425, 0.23425, 0.2345, 0.2345, 0.23475, 0.23475, 0.235, 0.235, 0.2355, 0.2355, 0.23575, 0.23575, 0.23625, 0.23625, 0.237, 0.237, 0.2375, 0.2375, 0.23825, 0.23825, 0.2385, 0.2385, 0.2415, 0.2415, 0.24175, 0.24175, 0.2425, 0.2425, 0.24275, 0.24275, 0.2435, 0.2435, 0.24425, 0.24425, 0.2445, 0.2445, 0.245, 0.245, 0.246, 0.246, 0.24625, 0.24625, 0.24725, 0.24725, 0.2475, 0.2475, 0.24775, 0.24775, 0.248, 0.248, 0.2495, 0.2495, 0.24975, 0.24975, 0.25125, 0.25125, 0.2515, 0.2515, 0.252, 0.252, 0.25225, 0.25225, 0.253, 0.253, 0.254, 0.254, 0.25425, 0.25425, 0.2545, 0.2545, 0.25475, 0.25475, 0.25575, 0.25575, 0.256, 0.256, 0.2615, 0.2615, 0.26475, 0.26475, 0.26675, 0.26675, 0.2675, 0.2675, 0.26775, 0.26775, 0.2685, 0.2685, 0.27225, 0.27225, 0.273, 0.273, 0.27425, 0.27425, 0.2745, 0.2745, 0.27475, 0.27475, 0.27525, 0.27525, 0.2755, 0.2755, 0.277, 0.277, 0.27725, 0.27725, 0.27775, 0.27775, 0.279, 0.279, 0.27975, 0.27975, 0.2805, 0.2805, 0.281, 0.281, 0.2825, 0.2825, 0.283, 0.283, 0.28325, 0.28325, 0.2835, 0.2835, 0.28425, 0.28425, 0.28525, 0.28525, 0.2855, 0.2855, 0.28575, 0.28575, 0.28725, 0.28725, 0.28825, 0.28825, 0.289, 0.289, 0.28975, 0.28975, 0.29, 0.29, 0.29025, 0.29025, 0.29175, 0.29175, 0.292, 0.292, 0.2925, 0.2925, 0.293, 0.293, 0.29375, 0.29375, 0.29425, 0.29425, 0.29475, 0.29475, 0.296, 0.296, 0.29625, 0.29625, 0.2965, 0.2965, 0.29675, 0.29675, 0.29725, 0.29725, 0.29825, 0.29825, 0.29875, 0.29875, 0.29925, 0.29925, 0.30025, 0.30025, 0.30125, 0.30125, 0.30325, 0.30325, 0.30425, 0.30425, 0.308, 0.308, 0.30875, 0.30875, 0.309, 0.309, 0.3095, 0.3095, 0.311, 0.311, 0.3115, 0.3115, 0.31575, 0.31575, 0.31625, 0.31625, 0.32, 0.32, 0.323, 0.323, 0.32425, 0.32425, 0.32475, 0.32475, 0.325, 0.325, 0.32575, 0.32575, 0.32725, 0.32725, 0.32775, 0.32775, 0.328, 0.328, 0.32875, 0.32875, 0.33125, 0.33125, 0.33175, 0.33175, 0.3335, 0.3335, 0.33475, 0.33475, 0.3355, 0.3355, 0.33575, 0.33575, 0.3365, 0.3365, 0.337, 0.337, 0.33825, 0.33825, 0.339, 0.339, 0.3395, 0.3395, 0.33975, 0.33975, 0.34, 0.34, 0.3405, 0.3405, 0.34125, 0.34125, 0.3415, 0.3415, 0.3435, 0.3435, 0.34375, 0.34375, 0.344, 0.344, 0.3475, 0.3475, 0.34775, 0.34775, 0.348, 0.348, 0.349, 0.349, 0.351, 0.351, 0.3535, 0.3535, 0.3545, 0.3545, 0.35475, 0.35475, 0.35575, 0.35575, 0.35625, 0.35625, 0.357, 0.357, 0.35775, 0.35775, 0.35875, 0.35875, 0.36, 0.36, 0.3605, 0.3605, 0.3615, 0.3615, 0.3625, 0.3625, 0.3645, 0.3645, 0.3655, 0.3655, 0.36675, 0.36675, 0.367, 0.367, 0.368, 0.368, 0.3685, 0.3685, 0.36875, 0.36875, 0.37225, 0.37225, 0.3745, 0.3745, 0.37575, 0.37575, 0.3775, 0.3775, 0.37825, 0.37825, 0.3785, 0.3785, 0.379, 0.379, 0.38, 0.38, 0.381, 0.381, 0.38225, 0.38225, 0.3845, 0.3845, 0.38825, 0.38825, 0.3905, 0.3905, 0.39075, 0.39075, 0.39125, 0.39125, 0.3955, 0.3955, 0.396, 0.396, 0.39725, 0.39725, 0.39775, 0.39775, 0.39825, 0.39825, 0.39975, 0.39975, 0.40025, 0.40025, 0.40075, 0.40075, 0.40175, 0.40175, 0.4035, 0.4035, 0.40425, 0.40425, 0.40475, 0.40475, 0.40725, 0.40725, 0.41125, 0.41125, 0.4125, 0.4125, 0.41325, 0.41325, 0.4145, 0.4145, 0.4155, 0.4155, 0.416, 0.416, 0.41675, 0.41675, 0.41725, 0.41725, 0.4195, 0.4195, 0.42025, 0.42025, 0.42275, 0.42275, 0.423, 0.423, 0.426, 0.426, 0.43075, 0.43075, 0.431, 0.431, 0.43325, 0.43325, 0.434, 0.434, 0.4365, 0.4365, 0.438, 0.438, 0.43975, 0.43975, 0.44175, 0.44175, 0.44225, 0.44225, 0.4445, 0.4445, 0.44475, 0.44475, 0.44575, 0.44575, 0.44625, 0.44625, 0.448, 0.448, 0.4505, 0.4505, 0.45225, 0.45225, 0.454, 0.454, 0.455, 0.455, 0.4555, 0.4555, 0.45575, 0.45575, 0.456, 0.456, 0.4565, 0.4565, 0.459, 0.459, 0.46, 0.46, 0.4615, 0.4615, 0.46275, 0.46275, 0.46625, 0.46625, 0.46825, 0.46825, 0.4695, 0.4695, 0.47025, 0.47025, 0.471, 0.471, 0.47125, 0.47125, 0.4715, 0.4715, 0.472, 0.472, 0.47275, 0.47275, 0.482, 0.482, 0.48325, 0.48325, 0.48825, 0.48825, 0.4885, 0.4885, 0.48925, 0.48925, 0.49, 0.49, 0.49075, 0.49075, 0.49125, 0.49125, 0.496, 0.496, 0.49625, 0.49625, 0.498, 0.498, 0.5045, 0.5045, 0.50775, 0.50775, 0.5115, 0.5115, 0.5125, 0.5125, 0.51575, 0.51575, 0.51675, 0.51675, 0.52225, 0.52225, 0.52325, 0.52325, 0.525, 0.525, 0.52525, 0.52525, 0.52875, 0.52875, 0.53275, 0.53275, 0.53525, 0.53525, 0.5355, 0.5355, 0.53625, 0.53625, 0.5385, 0.5385, 0.53875, 0.53875, 0.5405, 0.5405, 0.54125, 0.54125, 0.54525, 0.54525, 0.5475, 0.5475, 0.551, 0.551, 0.5515, 0.5515, 0.55275, 0.55275, 0.5535, 0.5535, 0.5565, 0.5565, 0.559, 0.559, 0.56375, 0.56375, 0.5655, 0.5655, 0.5665, 0.5665, 0.568, 0.568, 0.569, 0.569, 0.57075, 0.57075, 0.57375, 0.57375, 0.5785, 0.5785, 0.57875, 0.57875, 0.58, 0.58, 0.58125, 0.58125, 0.5865, 0.5865, 0.58975, 0.58975, 0.592, 0.592, 0.5935, 0.5935, 0.59375, 0.59375, 0.59525, 0.59525, 0.59775, 0.59775, 0.60275, 0.60275, 0.61525, 0.61525, 0.619, 0.619, 0.62575, 0.62575, 0.62625, 0.62625, 0.62925, 0.62925, 0.63225, 0.63225, 0.635, 0.635, 0.6365, 0.6365, 0.63825, 0.63825, 0.64, 0.64, 0.64125, 0.64125, 0.65, 0.65, 0.652, 0.652, 0.65275, 0.65275, 0.65975, 0.65975, 0.66075, 0.66075, 0.66825, 0.66825, 0.6725, 0.6725, 0.67425, 0.67425, 0.67875, 0.67875, 0.6805, 0.6805, 0.68525, 0.68525, 0.6865, 0.6865, 0.687, 0.687, 0.6925, 0.6925, 0.7005, 0.7005, 0.70475, 0.70475, 0.70575, 0.70575, 0.70825, 0.70825, 0.723, 0.723, 0.72475, 0.72475, 0.73025, 0.73025, 0.73625, 0.73625, 0.738, 0.738, 0.74625, 0.74625, 0.74925, 0.74925, 0.75425, 0.75425, 0.755, 0.755, 0.7625, 0.7625, 0.77625, 0.77625, 0.77675, 0.77675, 0.78775, 0.78775, 0.79175, 0.79175, 0.81025, 0.81025, 0.815, 0.815, 0.81925, 0.81925, 0.81975, 0.81975, 0.828, 0.828, 0.83225, 0.83225, 0.83525, 0.83525, 0.8565, 0.8565, 0.85925, 0.85925, 0.8725, 0.8725, 0.88225, 0.88225, 0.884, 0.884, 0.90025, 0.90025, 0.9375, 0.9375, 1.0]","[0.0, 0.00025, 0.03625, 0.03625, 0.04625, 0.04625, 0.056, 0.056, 0.06875, 0.06875, 0.09075, 0.09075, 0.10025, 0.10025, 0.14925, 0.14925, 0.14975, 0.14975, 0.1545, 0.1545, 0.17575, 0.17575, 0.18025, 0.18025, 0.1865, 0.1865, 0.19125, 0.19125, 0.196, 0.196, 0.19675, 0.19675, 0.20175, 0.20175, 0.2085, 0.2085, 0.2115, 0.2115, 0.213, 0.213, 0.223, 0.223, 0.22325, 0.22325, 0.2235, 0.2235, 0.22475, 0.22475, 0.2365, 0.2365, 0.24, 0.24, 0.24625, 0.24625, 0.26025, 0.26025, 0.2735, 0.2735, 0.28325, 0.28325, 0.2875, 0.2875, 0.29125, 0.29125, 0.29325, 0.29325, 0.2975, 0.2975, 0.301, 0.301, 0.30125, 0.30125, 0.303, 0.303, 0.305, 0.305, 0.30525, 0.30525, 0.30625, 0.30625, 0.30875, 0.30875, 0.32825, 0.32825, 0.338, 0.338, 0.34475, 0.34475, 0.34625, 0.34625, 0.3475, 0.3475, 0.35125, 0.35125, 0.3535, 0.3535, 0.355, 0.355, 0.35875, 0.35875, 0.3605, 0.3605, 0.36375, 0.36375, 0.3645, 0.3645, 0.36575, 0.36575, 0.37025, 0.37025, 0.37225, 0.37225, 0.374, 0.374, 0.375, 0.375, 0.3835, 0.3835, 0.38775, 0.38775, 0.38925, 0.38925, 0.39125, 0.39125, 0.39975, 0.39975, 0.40375, 0.40375, 0.40575, 0.40575, 0.409, 0.409, 0.40925, 0.40925, 0.4095, 0.4095, 0.411, 0.411, 0.4125, 0.4125, 0.41275, 0.41275, 0.41725, 0.41725, 0.42075, 0.42075, 0.422, 0.422, 0.4225, 0.4225, 0.42275, 0.42275, 0.42325, 0.42325, 0.428, 0.428, 0.433, 0.433, 0.4345, 0.4345, 0.437, 0.437, 0.43775, 0.43775, 0.43925, 0.43925, 0.44125, 0.44125, 0.44425, 0.44425, 0.45, 0.45, 0.451, 0.451, 0.45925, 0.45925, 0.46025, 0.46025, 0.46625, 0.46625, 0.46675, 0.46675, 0.46825, 0.46825, 0.4685, 0.4685, 0.469, 0.469, 0.4695, 0.4695, 0.46975, 0.46975, 0.4715, 0.4715, 0.47275, 0.47275, 0.473, 0.473, 0.474, 0.474, 0.48225, 0.48225, 0.48575, 0.48575, 0.49425, 0.49425, 0.4945, 0.4945, 0.49575, 0.49575, 0.497, 0.497, 0.4975, 0.4975, 0.49925, 0.49925, 0.50125, 0.50125, 0.50525, 0.50525, 0.507, 0.507, 0.50875, 0.50875, 0.50975, 0.50975, 0.512, 0.512, 0.51425, 0.51425, 0.51525, 0.51525, 0.51975, 0.51975, 0.52, 0.52, 0.522, 0.522, 0.523, 0.523, 0.52375, 0.52375, 0.5325, 0.5325, 0.53375, 0.53375, 0.53425, 0.53425, 0.5355, 0.5355, 0.53575, 0.53575, 0.536, 0.536, 0.54, 0.54, 0.5455, 0.5455, 0.54825, 0.54825, 0.54925, 0.54925, 0.5505, 0.5505, 0.552, 0.552, 0.55375, 0.55375, 0.555, 0.555, 0.5565, 0.5565, 0.56025, 0.56025, 0.5605, 0.5605, 0.561, 0.561, 0.56275, 0.56275, 0.565, 0.565, 0.56725, 0.56725, 0.5675, 0.5675, 0.568, 0.568, 0.569, 0.569, 0.57075, 0.57075, 0.57375, 0.57375, 0.57575, 0.57575, 0.57725, 0.57725, 0.57775, 0.57775, 0.57875, 0.57875, 0.582, 0.582, 0.58275, 0.58275, 0.583, 0.583, 0.58425, 0.58425, 0.5845, 0.5845, 0.58625, 0.58625, 0.58675, 0.58675, 0.58925, 0.58925, 0.59125, 0.59125, 0.592, 0.592, 0.59225, 0.59225, 0.59325, 0.59325, 0.5935, 0.5935, 0.594, 0.594, 0.596, 0.596, 0.59625, 0.59625, 0.59825, 0.59825, 0.5995, 0.5995, 0.60125, 0.60125, 0.6035, 0.6035, 0.60375, 0.60375, 0.6085, 0.6085, 0.6105, 0.6105, 0.6125, 0.6125, 0.61325, 0.61325, 0.61425, 0.61425, 0.6145, 0.6145, 0.615, 0.615, 0.61525, 0.61525, 0.6175, 0.6175, 0.6205, 0.6205, 0.62425, 0.62425, 0.625, 0.625, 0.62725, 0.62725, 0.62775, 0.62775, 0.62825, 0.62825, 0.6295, 0.6295, 0.63, 0.63, 0.6315, 0.6315, 0.63175, 0.63175, 0.6325, 0.6325, 0.633, 0.633, 0.6335, 0.6335, 0.63625, 0.63625, 0.64, 0.64, 0.641, 0.641, 0.643, 0.643, 0.6455, 0.6455, 0.64625, 0.64625, 0.64675, 0.64675, 0.64725, 0.64725, 0.65225, 0.65225, 0.6525, 0.6525, 0.65275, 0.65275, 0.65325, 0.65325, 0.654, 0.654, 0.655, 0.655, 0.65525, 0.65525, 0.657, 0.657, 0.6585, 0.6585, 0.65875, 0.65875, 0.659, 0.659, 0.66, 0.66, 0.66025, 0.66025, 0.66075, 0.66075, 0.66125, 0.66125, 0.6625, 0.6625, 0.66425, 0.66425, 0.6645, 0.6645, 0.66575, 0.66575, 0.66975, 0.66975, 0.6715, 0.6715, 0.67375, 0.67375, 0.6745, 0.6745, 0.67525, 0.67525, 0.67725, 0.67725, 0.67775, 0.67775, 0.6805, 0.6805, 0.68125, 0.68125, 0.68275, 0.68275, 0.6835, 0.6835, 0.6845, 0.6845, 0.685, 0.685, 0.68575, 0.68575, 0.6865, 0.6865, 0.687, 0.687, 0.68725, 0.68725, 0.688, 0.688, 0.68825, 0.68825, 0.6885, 0.6885, 0.68875, 0.68875, 0.692, 0.692, 0.6935, 0.6935, 0.69375, 0.69375, 0.694, 0.694, 0.695, 0.695, 0.69525, 0.69525, 0.69775, 0.69775, 0.698, 0.698, 0.69825, 0.69825, 0.6985, 0.6985, 0.699, 0.699, 0.69925, 0.69925, 0.69975, 0.69975, 0.7, 0.7, 0.7005, 0.7005, 0.702, 0.702, 0.70325, 0.70325, 0.7035, 0.7035, 0.70375, 0.70375, 0.704, 0.704, 0.705, 0.705, 0.70525, 0.70525, 0.706, 0.706, 0.70725, 0.70725, 0.70775, 0.70775, 0.70925, 0.70925, 0.71, 0.71, 0.711, 0.711, 0.7115, 0.7115, 0.71275, 0.71275, 0.71425, 0.71425, 0.716, 0.716, 0.71825, 0.71825, 0.71875, 0.71875, 0.72, 0.72, 0.7235, 0.7235, 0.724, 0.724, 0.7245, 0.7245, 0.72475, 0.72475, 0.7255, 0.7255, 0.726, 0.726, 0.72675, 0.72675, 0.727, 0.727, 0.72725, 0.72725, 0.728, 0.728, 0.72925, 0.72925, 0.72975, 0.72975, 0.732, 0.732, 0.73225, 0.73225, 0.7335, 0.7335, 0.73575, 0.73575, 0.736, 0.736, 0.7365, 0.7365, 0.737, 0.737, 0.73725, 0.73725, 0.738, 0.738, 0.73825, 0.73825, 0.73925, 0.73925, 0.74075, 0.74075, 0.742, 0.742, 0.7425, 0.7425, 0.74275, 0.74275, 0.744, 0.744, 0.7455, 0.7455, 0.74575, 0.74575, 0.74675, 0.74675, 0.7475, 0.7475, 0.748, 0.748, 0.7485, 0.7485, 0.74875, 0.74875, 0.749, 0.749, 0.7495, 0.7495, 0.75, 0.75, 0.7505, 0.7505, 0.75125, 0.75125, 0.75325, 0.75325, 0.754, 0.754, 0.75525, 0.75525, 0.75575, 0.75575, 0.756, 0.756, 0.7565, 0.7565, 0.757, 0.757, 0.75725, 0.75725, 0.75775, 0.75775, 0.75825, 0.75825, 0.75875, 0.75875, 0.759, 0.759, 0.7595, 0.7595, 0.76075, 0.76075, 0.76125, 0.76125, 0.76225, 0.76225, 0.7625, 0.7625, 0.763, 0.763, 0.76325, 0.76325, 0.7635, 0.7635, 0.76675, 0.76675, 0.7675, 0.7675, 0.76825, 0.76825, 0.76875, 0.76875, 0.769, 0.769, 0.76925, 0.76925, 0.77, 0.77, 0.77075, 0.77075, 0.77175, 0.77175, 0.77225, 0.77225, 0.773, 0.773, 0.77375, 0.77375, 0.774, 0.774, 0.77625, 0.77625, 0.77675, 0.77675, 0.77725, 0.77725, 0.77775, 0.77775, 0.778, 0.778, 0.77825, 0.77825, 0.779, 0.779, 0.78175, 0.78175, 0.78275, 0.78275, 0.783, 0.783, 0.78325, 0.78325, 0.78425, 0.78425, 0.7875, 0.7875, 0.789, 0.789, 0.7895, 0.7895, 0.79075, 0.79075, 0.791, 0.791, 0.7915, 0.7915, 0.79175, 0.79175, 0.792, 0.792, 0.793, 0.793, 0.794, 0.794, 0.7955, 0.7955, 0.79675, 0.79675, 0.797, 0.797, 0.79775, 0.79775, 0.79875, 0.79875, 0.799, 0.799, 0.7995, 0.7995, 0.8005, 0.8005, 0.80075, 0.80075, 0.8025, 0.8025, 0.80325, 0.80325, 0.8035, 0.8035, 0.804, 0.804, 0.8045, 0.8045, 0.805, 0.805, 0.80575, 0.80575, 0.807, 0.807, 0.80775, 0.80775, 0.8085, 0.8085, 0.80875, 0.80875, 0.809, 0.809, 0.80925, 0.80925, 0.80975, 0.80975, 0.81, 0.81, 0.81025, 0.81025, 0.8105, 0.8105, 0.81075, 0.81075, 0.812, 0.812, 0.8125, 0.8125, 0.81275, 0.81275, 0.81325, 0.81325, 0.8135, 0.8135, 0.814, 0.814, 0.8145, 0.8145, 0.815, 0.815, 0.81525, 0.81525, 0.8155, 0.8155, 0.81575, 0.81575, 0.81625, 0.81625, 0.81675, 0.81675, 0.817, 0.817, 0.81725, 0.81725, 0.8175, 0.8175, 0.81775, 0.81775, 0.81875, 0.81875, 0.81925, 0.81925, 0.8195, 0.8195, 0.82, 0.82, 0.82025, 0.82025, 0.8205, 0.8205, 0.821, 0.821, 0.8225, 0.8225, 0.82325, 0.82325, 0.8235, 0.8235, 0.82375, 0.82375, 0.824, 0.824, 0.82475, 0.82475, 0.826, 0.826, 0.827, 0.827, 0.82725, 0.82725, 0.82775, 0.82775, 0.828, 0.828, 0.82825, 0.82825, 0.8285, 0.8285, 0.82875, 0.82875, 0.829, 0.829, 0.8295, 0.8295, 0.83, 0.83, 0.83075, 0.83075, 0.831, 0.831, 0.8315, 0.8315, 0.832, 0.832, 0.833, 0.833, 0.83325, 0.83325, 0.8335, 0.8335, 0.83375, 0.83375, 0.8345, 0.8345, 0.83525, 0.83525, 0.8355, 0.8355, 0.836, 0.836, 0.83625, 0.83625, 0.8365, 0.8365, 0.837, 0.837, 0.83725, 0.83725, 0.8375, 0.8375, 0.83775, 0.83775, 0.8395, 0.8395, 0.84075, 0.84075, 0.841, 0.841, 0.84125, 0.84125, 0.84175, 0.84175, 0.84225, 0.84225, 0.8425, 0.8425, 0.843, 0.843, 0.84325, 0.84325, 0.84375, 0.84375, 0.844, 0.844, 0.8445, 0.8445, 0.84575, 0.84575, 0.846, 0.846, 0.8465, 0.8465, 0.847, 0.847, 0.84725, 0.84725, 0.84775, 0.84775, 0.8485, 0.8485, 0.849, 0.849, 0.8495, 0.8495, 0.85, 0.85, 0.85025, 0.85025, 0.8505, 0.8505, 0.85075, 0.85075, 0.851, 0.851, 0.85325, 0.85325, 0.85425, 0.85425, 0.855, 0.855, 0.8555, 0.8555, 0.85575, 0.85575, 0.856, 0.856, 0.85625, 0.85625, 0.85675, 0.85675, 0.8575, 0.8575, 0.858, 0.858, 0.85875, 0.85875, 0.859, 0.859, 0.85975, 0.85975, 0.86, 0.86, 0.86025, 0.86025, 0.86075, 0.86075, 0.86125, 0.86125, 0.8615, 0.8615, 0.86275, 0.86275, 0.86325, 0.86325, 0.864, 0.864, 0.8645, 0.8645, 0.86475, 0.86475, 0.865, 0.865, 0.8655, 0.8655, 0.867, 0.867, 0.8675, 0.8675, 0.86775, 0.86775, 0.86825, 0.86825, 0.8685, 0.8685, 0.86875, 0.86875, 0.86975, 0.86975, 0.87, 0.87, 0.8705, 0.8705, 0.871, 0.871, 0.8715, 0.8715, 0.87225, 0.87225, 0.8725, 0.8725, 0.87275, 0.87275, 0.87375, 0.87375, 0.874, 0.874, 0.8745, 0.8745, 0.87475, 0.87475, 0.87525, 0.87525, 0.8755, 0.8755, 0.87575, 0.87575, 0.876, 0.876, 0.87625, 0.87625, 0.8765, 0.8765, 0.87675, 0.87675, 0.877, 0.877, 0.8775, 0.8775, 0.87775, 0.87775, 0.87825, 0.87825, 0.8785, 0.8785, 0.87875, 0.87875, 0.879, 0.879, 0.87925, 0.87925, 0.8795, 0.8795, 0.87975, 0.87975, 0.88, 0.88, 0.8805, 0.8805, 0.881, 0.881, 0.88225, 0.88225, 0.88275, 0.88275, 0.88325, 0.88325, 0.8835, 0.8835, 0.88375, 0.88375, 0.88425, 0.88425, 0.8845, 0.8845, 0.88525, 0.88525, 0.8855, 0.8855, 0.886, 0.886, 0.8865, 0.8865, 0.88675, 0.88675, 0.8875, 0.8875, 0.88775, 0.88775, 0.888, 0.888, 0.88825, 0.88825, 0.88875, 0.88875, 0.889, 0.889, 0.88925, 0.88925, 0.8895, 0.8895, 0.88975, 0.88975, 0.89, 0.89, 0.8905, 0.8905, 0.89125, 0.89125, 0.8915, 0.8915, 0.89175, 0.89175, 0.892, 0.892, 0.89225, 0.89225, 0.8925, 0.8925, 0.893, 0.893, 0.89325, 0.89325, 0.8935, 0.8935, 0.89375, 0.89375, 0.894, 0.894, 0.89425, 0.89425, 0.8945, 0.8945, 0.895, 0.895, 0.89525, 0.89525, 0.8955, 0.8955, 0.89575, 0.89575, 0.89625, 0.89625, 0.8965, 0.8965, 0.89675, 0.89675, 0.897, 0.897, 0.8975, 0.8975, 0.8985, 0.8985, 0.89925, 0.89925, 0.89975, 0.89975, 0.90025, 0.90025, 0.9005, 0.9005, 0.901, 0.901, 0.90125, 0.90125, 0.90175, 0.90175, 0.90225, 0.90225, 0.9035, 0.9035, 0.90375, 0.90375, 0.904, 0.904, 0.90425, 0.90425, 0.9045, 0.9045, 0.905, 0.905, 0.90575, 0.90575, 0.906, 0.906, 0.90625, 0.90625, 0.9065, 0.9065, 0.907, 0.907, 0.90775, 0.90775, 0.908, 0.908, 0.90825, 0.90825, 0.9085, 0.9085, 0.90875, 0.90875, 0.90925, 0.90925, 0.9095, 0.9095, 0.90975, 0.90975, 0.91, 0.91, 0.91025, 0.91025, 0.911, 0.911, 0.91125, 0.91125, 0.9115, 0.9115, 0.91175, 0.91175, 0.91225, 0.91225, 0.9125, 0.9125, 0.91275, 0.91275, 0.9135, 0.9135, 0.91375, 0.91375, 0.914, 0.914, 0.91425, 0.91425, 0.9145, 0.9145, 0.91475, 0.91475, 0.915, 0.915, 0.91525, 0.91525, 0.91575, 0.91575, 0.916, 0.916, 0.91625, 0.91625, 0.9165, 0.9165, 0.91675, 0.91675, 0.917, 0.917, 0.91775, 0.91775, 0.918, 0.918, 0.91825, 0.91825, 0.9185, 0.9185, 0.91925, 0.91925, 0.9195, 0.9195, 0.92, 0.92, 0.92025, 0.92025, 0.9205, 0.9205, 0.92075, 0.92075, 0.921, 0.921, 0.9215, 0.9215, 0.922, 0.922, 0.9225, 0.9225, 0.92325, 0.92325, 0.92375, 0.92375, 0.924, 0.924, 0.92425, 0.92425, 0.9245, 0.9245, 0.92475, 0.92475, 0.925, 0.925, 0.92525, 0.92525, 0.9255, 0.9255, 0.92575, 0.92575, 0.92625, 0.92625, 0.9265, 0.9265, 0.92675, 0.92675, 0.927, 0.927, 0.9275, 0.9275, 0.92775, 0.92775, 0.928, 0.928, 0.92825, 0.92825, 0.9285, 0.9285, 0.929, 0.929, 0.92925, 0.92925, 0.9295, 0.9295, 0.92975, 0.92975, 0.93, 0.93, 0.9305, 0.9305, 0.93075, 0.93075, 0.93125, 0.93125, 0.93225, 0.93225, 0.9325, 0.9325, 0.93275, 0.93275, 0.933, 0.933, 0.9335, 0.9335, 0.934, 0.934, 0.93425, 0.93425, 0.9345, 0.9345, 0.93525, 0.93525, 0.9355, 0.9355, 0.93625, 0.93625, 0.9365, 0.9365, 0.93675, 0.93675, 0.93725, 0.93725, 0.9375, 0.9375, 0.93775, 0.93775, 0.938, 0.938, 0.93875, 0.93875, 0.939, 0.939, 0.9395, 0.9395, 0.93975, 0.93975, 0.94025, 0.94025, 0.9405, 0.9405, 0.94075, 0.94075, 0.941, 0.941, 0.94125, 0.94125, 0.9415, 0.9415, 0.94175, 0.94175, 0.942, 0.942, 0.94225, 0.94225, 0.9425, 0.9425, 0.94275, 0.94275, 0.943, 0.943, 0.94325, 0.94325, 0.9435, 0.9435, 0.94375, 0.94375, 0.944, 0.944, 0.94425, 0.94425, 0.94475, 0.94475, 0.945, 0.945, 0.94525, 0.94525, 0.94575, 0.94575, 0.946, 0.946, 0.94625, 0.94625, 0.94675, 0.94675, 0.947, 0.947, 0.94725, 0.94725, 0.9475, 0.9475, 0.94775, 0.94775, 0.948, 0.948, 0.9485, 0.9485, 0.94875, 0.94875, 0.94925, 0.94925, 0.9495, 0.9495, 0.94975, 0.94975, 0.95025, 0.95025, 0.9505, 0.9505, 0.95075, 0.95075, 0.951, 0.951, 0.95125, 0.95125, 0.9515, 0.9515, 0.95175, 0.95175, 0.952, 0.952, 0.95225, 0.95225, 0.9525, 0.9525, 0.953, 0.953, 0.95325, 0.95325, 0.9535, 0.9535, 0.95375, 0.95375, 0.954, 0.954, 0.95475, 0.95475, 0.955, 0.955, 0.95525, 0.95525, 0.95625, 0.95625, 0.9565, 0.9565, 0.95675, 0.95675, 0.957, 0.957, 0.95775, 0.95775, 0.9585, 0.9585, 0.95875, 0.95875, 0.95925, 0.95925, 0.9595, 0.9595, 0.95975, 0.95975, 0.96, 0.96, 0.96025, 0.96025, 0.9605, 0.9605, 0.96075, 0.96075, 0.961, 0.961, 0.96125, 0.96125, 0.9615, 0.9615, 0.96175, 0.96175, 0.962, 0.962, 0.96225, 0.96225, 0.9625, 0.9625, 0.96275, 0.96275, 0.963, 0.963, 0.96325, 0.96325, 0.96375, 0.96375, 0.964, 0.964, 0.96425, 0.96425, 0.9645, 0.9645, 0.96475, 0.96475, 0.965, 0.965, 0.96525, 0.96525, 0.9655, 0.9655, 0.96575, 0.96575, 0.966, 0.966, 0.96625, 0.96625, 0.9665, 0.9665, 0.96675, 0.96675, 0.967, 0.967, 0.96725, 0.96725, 0.968, 0.968, 0.96825, 0.96825, 0.9685, 0.9685, 0.96875, 0.96875, 0.969, 0.969, 0.96925, 0.96925, 0.9695, 0.9695, 0.96975, 0.96975, 0.97025, 0.97025, 0.9705, 0.9705, 0.97075, 0.97075, 0.971, 0.971, 0.97125, 0.97125, 0.9715, 0.9715, 0.97175, 0.97175, 0.972, 0.972, 0.9725, 0.9725, 0.97275, 0.97275, 0.973, 0.973, 0.97325, 0.97325, 0.9735, 0.9735, 0.97375, 0.97375, 0.974, 0.974, 0.97425, 0.97425, 0.97475, 0.97475, 0.975, 0.975, 0.9755, 0.9755, 0.97575, 0.97575, 0.976, 0.976, 0.97625, 0.97625, 0.9765, 0.9765, 0.97675, 0.97675, 0.977, 0.977, 0.97725, 0.97725, 0.9775, 0.9775, 0.97775, 0.97775, 0.97825, 0.97825, 0.9785, 0.9785, 0.97875, 0.97875, 0.979, 0.979, 0.97925, 0.97925, 0.9795, 0.9795, 0.97975, 0.97975, 0.98025, 0.98025, 0.9805, 0.9805, 0.981, 0.981, 0.98125, 0.98125, 0.9815, 0.9815, 0.98175, 0.98175, 0.982, 0.982, 0.98225, 0.98225, 0.9825, 0.9825, 0.98275, 0.98275, 0.983, 0.983, 0.98325, 0.98325, 0.9835, 0.9835, 0.98375, 0.98375, 0.984, 0.984, 0.9845, 0.9845, 0.98525, 0.98525, 0.9855, 0.9855, 0.98575, 0.98575, 0.986, 0.986, 0.9865, 0.9865, 0.98675, 0.98675, 0.987, 0.987, 0.98725, 0.98725, 0.9875, 0.9875, 0.98775, 0.98775, 0.988, 0.988, 0.98825, 0.98825, 0.9885, 0.9885, 0.98875, 0.98875, 0.989, 0.989, 0.98925, 0.98925, 0.9895, 0.9895, 0.98975, 0.98975, 0.99, 0.99, 0.99025, 0.99025, 0.9905, 0.9905, 0.99075, 0.99075, 0.991, 0.991, 0.99125, 0.99125, 0.9915, 0.9915, 0.99175, 0.99175, 0.99225, 0.99225, 0.9925, 0.9925, 0.99275, 0.99275, 0.993, 0.993, 0.99325, 0.99325, 0.9935, 0.9935, 0.99375, 0.99375, 0.994, 0.994, 0.99425, 0.99425, 0.9945, 0.9945, 0.99475, 0.99475, 0.995, 0.995, 0.99525, 0.99525, 0.9955, 0.9955, 0.99575, 0.99575, 0.996, 0.996, 0.99625, 0.99625, 0.9965, 0.9965, 0.99675, 0.99675, 0.997, 0.997, 0.99725, 0.99725, 0.9975, 0.9975, 0.99775, 0.99775, 0.998, 0.998, 0.99825, 0.99825, 0.9985, 0.9985, 0.99875, 0.99875, 0.999, 0.999, 0.99925, 0.99925, 0.9995, 0.9995, 0.99975, 0.99975, 1.0, 1.0]"
Neural Network,B,20,0.97075,0.9960519375000001,0.6202154159545898,"[0.0, 0.0, 0.0, 0.00025, 0.00025, 0.0005, 0.0005, 0.00075, 0.00075, 0.001, 0.001, 0.00125, 0.00125, 0.0015, 0.0015, 0.00175, 0.00175, 0.002, 0.002, 0.00225, 0.00225, 0.0025, 0.0025, 0.00275, 0.00275, 0.003, 0.003, 0.00325, 0.00325, 0.0035, 0.0035, 0.00375, 0.00375, 0.004, 0.004, 0.00425, 0.00425, 0.0045, 0.0045, 0.00475, 0.00475, 0.005, 0.005, 0.00525, 0.00525, 0.0055, 0.0055, 0.00575, 0.00575, 0.006, 0.006, 0.00625, 0.00625, 0.0065, 0.0065, 0.00675, 0.00675, 0.007, 0.007, 0.00725, 0.00725, 0.0075, 0.0075, 0.00825, 0.00825, 0.0085, 0.0085, 0.00875, 0.00875, 0.009, 0.009, 0.0095, 0.0095, 0.00975, 0.00975, 0.01, 0.01, 0.01025, 0.01025, 0.0105, 0.0105, 0.01075, 0.01075, 0.01175, 0.01175, 0.01225, 0.01225, 0.0125, 0.0125, 0.01275, 0.01275, 0.01325, 0.01325, 0.0135, 0.0135, 0.01375, 0.01375, 0.014, 0.014, 0.01425, 0.01425, 0.015, 0.015, 0.01525, 0.01525, 0.016, 0.016, 0.01625, 0.01625, 0.0165, 0.0165, 0.01675, 0.01675, 0.017, 0.017, 0.01725, 0.01725, 0.0175, 0.0175, 0.01775, 0.01775, 0.0185, 0.0185, 0.019, 0.019, 0.01925, 0.01925, 0.02, 0.02, 0.02025, 0.02025, 0.0205, 0.0205, 0.02075, 0.02075, 0.02125, 0.02125, 0.0215, 0.0215, 0.02175, 0.02175, 0.022, 0.022, 0.02225, 0.02225, 0.02275, 0.02275, 0.023, 0.023, 0.02325, 0.02325, 0.0235, 0.0235, 0.02375, 0.02375, 0.024, 0.024, 0.02425, 0.02425, 0.02475, 0.02475, 0.026, 0.026, 0.02625, 0.02625, 0.0265, 0.0265, 0.02725, 0.02725, 0.0275, 0.0275, 0.0285, 0.0285, 0.02875, 0.02875, 0.03, 0.03, 0.03075, 0.03075, 0.03125, 0.03125, 0.032, 0.032, 0.03225, 0.03225, 0.0325, 0.0325, 0.03275, 0.03275, 0.033, 0.033, 0.03325, 0.03325, 0.034, 0.034, 0.0345, 0.0345, 0.035, 0.035, 0.03525, 0.03525, 0.03575, 0.03575, 0.0365, 0.0365, 0.03675, 0.03675, 0.037, 0.037, 0.03775, 0.03775, 0.03875, 0.03875, 0.0395, 0.0395, 0.04125, 0.04125, 0.04175, 0.04175, 0.0425, 0.0425, 0.0445, 0.0445, 0.04475, 0.04475, 0.046, 0.046, 0.0475, 0.0475, 0.048, 0.048, 0.0485, 0.0485, 0.049, 0.049, 0.0495, 0.0495, 0.05, 0.05, 0.053, 0.053, 0.0535, 0.0535, 0.05375, 0.05375, 0.054, 0.054, 0.056, 0.056, 0.05675, 0.05675, 0.0575, 0.0575, 0.058, 0.058, 0.05875, 0.05875, 0.0595, 0.0595, 0.06, 0.06, 0.06025, 0.06025, 0.06225, 0.06225, 0.063, 0.063, 0.06425, 0.06425, 0.0645, 0.0645, 0.067, 0.067, 0.0685, 0.0685, 0.06975, 0.06975, 0.071, 0.071, 0.073, 0.073, 0.07375, 0.07375, 0.07525, 0.07525, 0.07725, 0.07725, 0.08075, 0.08075, 0.084, 0.084, 0.09225, 0.09225, 0.0955, 0.0955, 0.097, 0.097, 0.09725, 0.09725, 0.09925, 0.09925, 0.101, 0.101, 0.1035, 0.1035, 0.10375, 0.10375, 0.1055, 0.1055, 0.1145, 0.1145, 0.115, 0.115, 0.11675, 0.11675, 0.11975, 0.11975, 0.12475, 0.12475, 0.12525, 0.12525, 0.13825, 0.13825, 0.14125, 0.14125, 0.14775, 0.14775, 0.149, 0.149, 0.15125, 0.15125, 0.1515, 0.1515, 0.1535, 0.1535, 0.156, 0.156, 0.16375, 0.16375, 0.16875, 0.16875, 0.17025, 0.17025, 0.187, 0.187, 0.18725, 0.18725, 0.1925, 0.1925, 0.197, 0.197, 0.20825, 0.20825, 0.238, 0.238, 0.25975, 0.25975, 0.26875, 0.26875, 0.30625, 0.30625, 0.35175, 0.35175, 1.0]","[0.0, 0.00025, 0.56525, 0.56525, 0.591, 0.591, 0.637, 0.637, 0.70425, 0.70425, 0.723, 0.723, 0.73525, 0.73525, 0.8095, 0.8095, 0.8145, 0.8145, 0.81625, 0.81625, 0.82675, 0.82675, 0.8405, 0.8405, 0.84275, 0.84275, 0.8475, 0.8475, 0.85025, 0.85025, 0.85075, 0.85075, 0.85325, 0.85325, 0.858, 0.858, 0.85925, 0.85925, 0.86925, 0.86925, 0.8695, 0.8695, 0.87475, 0.87475, 0.879, 0.879, 0.882, 0.882, 0.88575, 0.88575, 0.886, 0.886, 0.894, 0.894, 0.89775, 0.89775, 0.90675, 0.90675, 0.90775, 0.90775, 0.91075, 0.91075, 0.913, 0.913, 0.91575, 0.91575, 0.9165, 0.9165, 0.918, 0.918, 0.92025, 0.92025, 0.9245, 0.9245, 0.9265, 0.9265, 0.92675, 0.92675, 0.932, 0.932, 0.93325, 0.93325, 0.939, 0.939, 0.93975, 0.93975, 0.94075, 0.94075, 0.9415, 0.9415, 0.943, 0.943, 0.9435, 0.9435, 0.94425, 0.94425, 0.94575, 0.94575, 0.94675, 0.94675, 0.947, 0.947, 0.9485, 0.9485, 0.94925, 0.94925, 0.9505, 0.9505, 0.95175, 0.95175, 0.95225, 0.95225, 0.953, 0.953, 0.95375, 0.95375, 0.954, 0.954, 0.95425, 0.95425, 0.95525, 0.95525, 0.95575, 0.95575, 0.956, 0.956, 0.9565, 0.9565, 0.95675, 0.95675, 0.957, 0.957, 0.95825, 0.95825, 0.9585, 0.9585, 0.95925, 0.95925, 0.9595, 0.9595, 0.961, 0.961, 0.96125, 0.96125, 0.9615, 0.9615, 0.96175, 0.96175, 0.963, 0.963, 0.96325, 0.96325, 0.96375, 0.96375, 0.964, 0.964, 0.96425, 0.96425, 0.9645, 0.9645, 0.96475, 0.96475, 0.9655, 0.9655, 0.966, 0.966, 0.96625, 0.96625, 0.96725, 0.96725, 0.969, 0.969, 0.96975, 0.96975, 0.971, 0.971, 0.97125, 0.97125, 0.9715, 0.9715, 0.97225, 0.97225, 0.9725, 0.9725, 0.97275, 0.97275, 0.9735, 0.9735, 0.97425, 0.97425, 0.9745, 0.9745, 0.97475, 0.97475, 0.975, 0.975, 0.97525, 0.97525, 0.976, 0.976, 0.97625, 0.97625, 0.9765, 0.9765, 0.97675, 0.97675, 0.97725, 0.97725, 0.9775, 0.9775, 0.97775, 0.97775, 0.97825, 0.97825, 0.9785, 0.9785, 0.979, 0.979, 0.98, 0.98, 0.9805, 0.9805, 0.98075, 0.98075, 0.981, 0.981, 0.98125, 0.98125, 0.98175, 0.98175, 0.982, 0.982, 0.98225, 0.98225, 0.9825, 0.9825, 0.98275, 0.98275, 0.983, 0.983, 0.9835, 0.9835, 0.984, 0.984, 0.98425, 0.98425, 0.9845, 0.9845, 0.98475, 0.98475, 0.985, 0.985, 0.98525, 0.98525, 0.9855, 0.9855, 0.98575, 0.98575, 0.98675, 0.98675, 0.987, 0.987, 0.98725, 0.98725, 0.9875, 0.9875, 0.98775, 0.98775, 0.988, 0.988, 0.98825, 0.98825, 0.9885, 0.9885, 0.98875, 0.98875, 0.989, 0.989, 0.98925, 0.98925, 0.9895, 0.9895, 0.98975, 0.98975, 0.99, 0.99, 0.99025, 0.99025, 0.9905, 0.9905, 0.99075, 0.99075, 0.991, 0.991, 0.99125, 0.99125, 0.9915, 0.9915, 0.99175, 0.99175, 0.992, 0.992, 0.99225, 0.99225, 0.9925, 0.9925, 0.99275, 0.99275, 0.993, 0.993, 0.99325, 0.99325, 0.99375, 0.99375, 0.994, 0.994, 0.99425, 0.99425, 0.9945, 0.9945, 0.99475, 0.99475, 0.995, 0.995, 0.99525, 0.99525, 0.9955, 0.9955, 0.99575, 0.99575, 0.996, 0.996, 0.99625, 0.99625, 0.9965, 0.9965, 0.99675, 0.99675, 0.997, 0.997, 0.99725, 0.99725, 0.9975, 0.9975, 0.99775, 0.99775, 0.998, 0.998, 0.99825, 0.99825, 0.9985, 0.9985, 0.99875, 0.99875, 0.999, 0.999, 0.99925, 0.99925, 0.9995, 0.9995, 0.99975, 0.99975, 1.0, 1.0]"
Neural Network,B,30,0.99725,0.9999526249999999,0.7341256141662598,"[0.0, 0.0, 0.0, 0.00025, 0.00025, 0.0005, 0.0005, 0.00075, 0.00075, 0.001, 0.001, 0.00125, 0.00125, 0.0015, 0.0015, 0.00175, 0.00175, 0.00225, 0.00225, 0.0025, 0.0025, 0.003, 0.003, 0.0055, 0.0055, 0.00575, 0.00575, 0.00675, 0.00675, 0.00825, 0.00825, 0.0085, 0.0085, 0.0145, 0.0145, 0.01775, 0.01775, 0.01875, 0.01875, 0.0205, 0.0205, 0.039, 0.039, 1.0]","[0.0, 0.00025, 0.9855, 0.9855, 0.988, 0.988, 0.992, 0.992, 0.99425, 0.99425, 0.99475, 0.99475, 0.9955, 0.9955, 0.99575, 0.99575, 0.996, 0.996, 0.9965, 0.9965, 0.997, 0.997, 0.99725, 0.99725, 0.99775, 0.99775, 0.998, 0.998, 0.99825, 0.99825, 0.9985, 0.9985, 0.99875, 0.99875, 0.999, 0.999, 0.99925, 0.99925, 0.9995, 0.9995, 0.99975, 0.99975, 1.0, 1.0]"
Neural Network,B,40,0.99975,0.9999984375000001,0.6763861179351807,"[0.0, 0.0, 0.0, 0.00625, 0.00625, 1.0]","[0.0, 0.00025, 0.99975, 0.99975, 1.0, 1.0]"
Neural Network,B,50,0.999875,1.0,0.5497143268585205,"[0.0, 0.0, 0.0, 1.0]","[0.0, 0.00025, 1.0, 1.0]"
Neural Network,C,10,0.978875,0.9982585625000001,0.7224218845367432,"[0.0, 0.0, 0.0, 0.00025, 0.00025, 0.0005, 0.0005, 0.00075, 0.00075, 0.001, 0.001, 0.00125, 0.00125, 0.0015, 0.0015, 0.00175, 0.00175, 0.002, 0.002, 0.00225, 0.00225, 0.0025, 0.0025, 0.00275, 0.00275, 0.003, 0.003, 0.00325, 0.00325, 0.0035, 0.0035, 0.00375, 0.00375, 0.004, 0.004, 0.00425, 0.00425, 0.00475, 0.00475, 0.00525, 0.00525, 0.0055, 0.0055, 0.00575, 0.00575, 0.006, 0.006, 0.00625, 0.00625, 0.0065, 0.0065, 0.00675, 0.00675, 0.007, 0.007, 0.00725, 0.00725, 0.0075, 0.0075, 0.00775, 0.00775, 0.008, 0.008, 0.0085, 0.0085, 0.009, 0.009, 0.00925, 0.00925, 0.0095, 0.0095, 0.0105, 0.0105, 0.01075, 0.01075, 0.01125, 0.01125, 0.0115, 0.0115, 0.01175, 0.01175, 0.012, 0.012, 0.01225, 0.01225, 0.0125, 0.0125, 0.01325, 0.01325, 0.014, 0.014, 0.01425, 0.01425, 0.0145, 0.0145, 0.01475, 0.01475, 0.01525, 0.01525, 0.01575, 0.01575, 0.01625, 0.01625, 0.017, 0.017, 0.0175, 0.0175, 0.018, 0.018, 0.01825, 0.01825, 0.01875, 0.01875, 0.019, 0.019, 0.01925, 0.01925, 0.01975, 0.01975, 0.02025, 0.02025, 0.0205, 0.0205, 0.02125, 0.02125, 0.02275, 0.02275, 0.023, 0.023, 0.0235, 0.0235, 0.024, 0.024, 0.02425, 0.02425, 0.0245, 0.0245, 0.0255, 0.0255, 0.026, 0.026, 0.02625, 0.02625, 0.02675, 0.02675, 0.027, 0.027, 0.0275, 0.0275, 0.02825, 0.02825, 0.02975, 0.02975, 0.03, 0.03, 0.03225, 0.03225, 0.03325, 0.03325, 0.03375, 0.03375, 0.03525, 0.03525, 0.03575, 0.03575, 0.0365, 0.0365, 0.037, 0.037, 0.03825, 0.03825, 0.039, 0.039, 0.04, 0.04, 0.04075, 0.04075, 0.04225, 0.04225, 0.043, 0.043, 0.04325, 0.04325, 0.044, 0.044, 0.047, 0.047, 0.04725, 0.04725, 0.0475, 0.0475, 0.04775, 0.04775, 0.04825, 0.04825, 0.04975, 0.04975, 0.051, 0.051, 0.0525, 0.0525, 0.053, 0.053, 0.055, 0.055, 0.06, 0.06, 0.061, 0.061, 0.06375, 0.06375, 0.06475, 0.06475, 0.0655, 0.0655, 0.06575, 0.06575, 0.06725, 0.06725, 0.06775, 0.06775, 0.068, 0.068, 0.07075, 0.07075, 0.08225, 0.08225, 0.0965, 0.0965, 0.09825, 0.09825, 0.10625, 0.10625, 0.11775, 0.11775, 0.13625, 0.13625, 0.14225, 0.14225, 0.15125, 0.15125, 0.2025, 0.2025, 0.2045, 0.2045, 0.26175, 0.26175, 1.0]","[0.0, 0.00025, 0.54075, 0.54075, 0.81725, 0.81725, 0.86125, 0.86125, 0.8625, 0.8625, 0.86875, 0.86875, 0.876, 0.876, 0.882, 0.882, 0.8835, 0.8835, 0.903, 0.903, 0.9235, 0.9235, 0.92525, 0.92525, 0.93025, 0.93025, 0.93525, 0.93525, 0.93625, 0.93625, 0.93925, 0.93925, 0.94425, 0.94425, 0.9445, 0.9445, 0.9455, 0.9455, 0.94575, 0.94575, 0.947, 0.947, 0.94775, 0.94775, 0.94975, 0.94975, 0.95275, 0.95275, 0.9535, 0.9535, 0.9545, 0.9545, 0.9555, 0.9555, 0.95675, 0.95675, 0.9585, 0.9585, 0.96025, 0.96025, 0.961, 0.961, 0.962, 0.962, 0.96225, 0.96225, 0.96275, 0.96275, 0.963, 0.963, 0.9635, 0.9635, 0.96425, 0.96425, 0.965, 0.965, 0.96575, 0.96575, 0.966, 0.966, 0.96675, 0.96675, 0.9675, 0.9675, 0.968, 0.968, 0.9685, 0.9685, 0.969, 0.969, 0.96975, 0.96975, 0.97025, 0.97025, 0.9705, 0.9705, 0.97075, 0.97075, 0.97225, 0.97225, 0.973, 0.973, 0.97325, 0.97325, 0.974, 0.974, 0.97425, 0.97425, 0.97475, 0.97475, 0.975, 0.975, 0.97625, 0.97625, 0.977, 0.977, 0.9775, 0.9775, 0.97775, 0.97775, 0.978, 0.978, 0.979, 0.979, 0.9795, 0.9795, 0.97975, 0.97975, 0.98, 0.98, 0.98025, 0.98025, 0.9805, 0.9805, 0.98075, 0.98075, 0.9815, 0.9815, 0.982, 0.982, 0.9825, 0.9825, 0.98325, 0.98325, 0.9835, 0.9835, 0.984, 0.984, 0.9845, 0.9845, 0.98525, 0.98525, 0.9855, 0.9855, 0.98625, 0.98625, 0.9865, 0.9865, 0.9875, 0.9875, 0.98775, 0.98775, 0.988, 0.988, 0.98825, 0.98825, 0.9885, 0.9885, 0.989, 0.989, 0.98925, 0.98925, 0.9895, 0.9895, 0.99, 0.99, 0.99075, 0.99075, 0.991, 0.991, 0.99125, 0.99125, 0.99175, 0.99175, 0.992, 0.992, 0.99225, 0.99225, 0.9925, 0.9925, 0.99275, 0.99275, 0.993, 0.993, 0.99325, 0.99325, 0.9935, 0.9935, 0.994, 0.994, 0.99425, 0.99425, 0.9945, 0.9945, 0.99475, 0.99475, 0.995, 0.995, 0.99525, 0.99525, 0.9955, 0.9955, 0.99575, 0.99575, 0.996, 0.996, 0.99625, 0.99625, 0.9965, 0.9965, 0.99675, 0.99675, 0.997, 0.997, 0.99725, 0.99725, 0.9975, 0.9975, 0.99775, 0.99775, 0.998, 0.998, 0.99825, 0.99825, 0.9985, 0.9985, 0.99875, 0.99875, 0.999, 0.999, 0.99925, 0.99925, 0.9995, 0.9995, 0.99975, 0.99975, 1.0, 1.0]"
Neural Network,C,20,0.999875,1.0,0.5865814685821533,"[0.0, 0.0, 0.0, 1.0]","[0.0, 0.00025, 1.0, 1.0]"
Neural Network,C,30,1.0,1.0,0.5050039291381836,"[0.0, 0.0, 0.0, 1.0]","[0.0, 0.00025, 1.0, 1.0]"
Neural Network,C,40,1.0,1.0,0.4854135513305664,"[0.0, 0.0, 0.0, 1.0]","[0.0, 0.00025, 1.0, 1.0]"
Neural Network,C,50,1.0,1.0,0.4780879020690918,"[0.0, 0.0, 0.0, 1.0]","[0.0, 0.00025, 1.0, 1.0]"
Neural Network,D,10,0.987625,0.9992331249999999,0.793220043182373,"[0.0, 0.0, 0.0, 0.00025, 0.00025, 0.0005, 0.0005, 0.00075, 0.00075, 0.001, 0.001, 0.00125, 0.00125, 0.00175, 0.00175, 0.002, 0.002, 0.00225, 0.00225, 0.0025, 0.0025, 0.00275, 0.00275, 0.003, 0.003, 0.00325, 0.00325, 0.0035, 0.0035, 0.00375, 0.00375, 0.004, 0.004, 0.00425, 0.00425, 0.0045, 0.0045, 0.00475, 0.00475, 0.0055, 0.0055, 0.006, 0.006, 0.00625, 0.00625, 0.0065, 0.0065, 0.00675, 0.00675, 0.00725, 0.00725, 0.0075, 0.0075, 0.00775, 0.00775, 0.008, 0.008, 0.00825, 0.00825, 0.0085, 0.0085, 0.009, 0.009, 0.00925, 0.00925, 0.00975, 0.00975, 0.01, 0.01, 0.0105, 0.0105, 0.01075, 0.01075, 0.011, 0.011, 0.01125, 0.01125, 0.0115, 0.0115, 0.01175, 0.01175, 0.01225, 0.01225, 0.013, 0.013, 0.0135, 0.0135, 0.01475, 0.01475, 0.0155, 0.0155, 0.01575, 0.01575, 0.01625, 0.01625, 0.01725, 0.01725, 0.0175, 0.0175, 0.01825, 0.01825, 0.0195, 0.0195, 0.0205, 0.0205, 0.022, 0.022, 0.02225, 0.02225, 0.02275, 0.02275, 0.02375, 0.02375, 0.025, 0.025, 0.0255, 0.0255, 0.026, 0.026, 0.02625, 0.02625, 0.0265, 0.0265, 0.027, 0.027, 0.02725, 0.02725, 0.02775, 0.02775, 0.02825, 0.02825, 0.029, 0.029, 0.0295, 0.0295, 0.03025, 0.03025, 0.03775, 0.03775, 0.04025, 0.04025, 0.04125, 0.04125, 0.04225, 0.04225, 0.0425, 0.0425, 0.05375, 0.05375, 0.06075, 0.06075, 0.06125, 0.06125, 0.0725, 0.0725, 0.074, 0.074, 0.07575, 0.07575, 0.08475, 0.08475, 0.2325, 0.2325, 1.0]","[0.0, 0.00025, 0.81625, 0.81625, 0.84925, 0.84925, 0.87525, 0.87525, 0.906, 0.906, 0.91375, 0.91375, 0.92875, 0.92875, 0.93025, 0.93025, 0.94275, 0.94275, 0.9485, 0.9485, 0.94975, 0.94975, 0.96025, 0.96025, 0.962, 0.962, 0.9635, 0.9635, 0.9645, 0.9645, 0.9675, 0.9675, 0.96775, 0.96775, 0.968, 0.968, 0.97, 0.97, 0.97075, 0.97075, 0.97125, 0.97125, 0.97225, 0.97225, 0.9725, 0.9725, 0.973, 0.973, 0.974, 0.974, 0.97425, 0.97425, 0.9745, 0.9745, 0.975, 0.975, 0.9765, 0.9765, 0.977, 0.977, 0.9785, 0.9785, 0.9795, 0.9795, 0.9805, 0.9805, 0.9815, 0.9815, 0.98175, 0.98175, 0.98275, 0.98275, 0.9835, 0.9835, 0.9845, 0.9845, 0.985, 0.985, 0.98525, 0.98525, 0.98575, 0.98575, 0.98775, 0.98775, 0.988, 0.988, 0.98875, 0.98875, 0.989, 0.989, 0.98925, 0.98925, 0.98975, 0.98975, 0.99025, 0.99025, 0.9905, 0.9905, 0.99075, 0.99075, 0.991, 0.991, 0.99125, 0.99125, 0.9915, 0.9915, 0.99225, 0.99225, 0.99275, 0.99275, 0.993, 0.993, 0.99325, 0.99325, 0.9935, 0.9935, 0.99375, 0.99375, 0.994, 0.994, 0.99425, 0.99425, 0.9945, 0.9945, 0.99475, 0.99475, 0.995, 0.995, 0.9955, 0.9955, 0.99575, 0.99575, 0.996, 0.996, 0.99625, 0.99625, 0.9965, 0.9965, 0.99675, 0.99675, 0.99725, 0.99725, 0.9975, 0.9975, 0.99775, 0.99775, 0.998, 0.998, 0.99825, 0.99825, 0.9985, 0.9985, 0.99875, 0.99875, 0.999, 0.999, 0.99925, 0.99925, 0.9995, 0.9995, 0.99975, 0.99975, 1.0, 1.0]"
Neural Network,D,20,0.999875,1.0,0.6784863471984863,"[0.0, 0.0, 0.0, 1.0]","[0.0, 0.00025, 1.0, 1.0]"
Neural Network,D,30,1.0,1.0,0.47433924674987793,"[0.0, 0.0, 0.0, 1.0]","[0.0, 0.00025, 1.0, 1.0]"
Neural Network,D,40,1.0,1.0,0.472548246383667,"[0.0, 0.0, 0.0, 1.0]","[0.0, 0.00025, 1.0, 1.0]"
Neural Network,D,50,1.0,1.0,0.49541473388671875,"[0.0, 0.0, 0.0, 1.0]","[0.0, 0.00025, 1.0, 1.0]"
