batch_id,poison_label,mean_qber,std_qber,skew_qber,kurtosis_qber,frac_qber_0.000,frac_qber_0.125,frac_qber_0.250,frac_qber_0.375,frac_qber_0.500,frac_qber_0.625,frac_qber_0.750,frac_qber_0.875,frac_qber_1.000
0,0,0.28,0.17150072886142495,0.8870097692259321,1.6528114952672297,0.09,0.17,0.39,0.22,0.06,0.05,0.0,0.02,0.0
1,0,0.255,0.1413329402510257,-0.16152310727450053,-0.7329343155790795,0.11,0.2,0.32,0.28,0.09,0.0,0.0,0.0,0.0
2,0,0.28125,0.15848402916382456,0.14167575004160027,-0.6105275378583563,0.08,0.22,0.28,0.25,0.13,0.04,0.0,0.0,0.0
3,0,0.23875,0.1582077352723311,0.5244197288378266,-0.3832305604414805,0.1,0.37,0.19,0.24,0.06,0.04,0.0,0.0,0.0
4,0,0.2575,0.1569434611571951,0.5234479826798585,0.17793628308852094,0.09,0.26,0.32,0.21,0.08,0.03,0.01,0.0,0.0
5,0,0.23375,0.13992743655195003,0.12896574643153183,-0.45473860210924055,0.12,0.26,0.32,0.24,0.05,0.01,0.0,0.0,0.0
6,0,0.2525,0.14682046860026024,0.4426089493401982,-0.22622698928788898,0.07,0.3,0.31,0.21,0.08,0.03,0.0,0.0,0.0
7,0,0.235,0.13724977231310803,0.3745006774710139,-0.33494169434477117,0.08,0.33,0.31,0.2,0.07,0.01,0.0,0.0,0.0
8,0,0.275,0.15309310892394862,0.5617496476782753,0.19680000000000186,0.05,0.26,0.32,0.24,0.08,0.04,0.01,0.0,0.0
9,0,0.265,0.1622883236711748,0.24284855886673057,-0.47327247142606943,0.11,0.23,0.27,0.26,0.08,0.05,0.0,0.0,0.0
10,0,0.26625,0.14647418714572202,-0.029649662427341014,-0.6687807604229636,0.09,0.22,0.29,0.28,0.11,0.01,0.0,0.0,0.0
11,0,0.24625,0.14943121327219425,0.5143041247811283,-0.19549312972099697,0.08,0.31,0.32,0.17,0.09,0.03,0.0,0.0,0.0
12,0,0.26625,0.14540353331332773,0.05088680013077531,0.009952778926844541,0.11,0.13,0.41,0.25,0.07,0.03,0.0,0.0,0.0
13,0,0.24,0.1486186394770185,0.618657075309398,0.4321800448324917,0.09,0.31,0.32,0.18,0.08,0.01,0.01,0.0,0.0
14,0,0.26,0.16926310879810758,0.5555726748901268,-0.14221329824657625,0.1,0.28,0.28,0.19,0.09,0.05,0.01,0.0,0.0
15,0,0.25875,0.1394800612990975,0.25061378471274315,0.27418116878576937,0.09,0.17,0.44,0.21,0.06,0.03,0.0,0.0,0.0
16,0,0.2125,0.1525819451966713,0.6531862560916915,0.04170983289040997,0.15,0.35,0.26,0.16,0.05,0.03,0.0,0.0,0.0
17,0,0.245,0.14352700094407322,0.3952099646600757,0.4306396691488379,0.1,0.24,0.37,0.2,0.08,0.0,0.01,0.0,0.0
18,0,0.24125,0.15737594320606946,0.3423511240286619,-0.542459411454776,0.13,0.26,0.32,0.15,0.12,0.02,0.0,0.0,0.0
19,0,0.26875,0.15347536447260843,0.1665394415603367,0.03668226034009159,0.11,0.16,0.36,0.24,0.11,0.01,0.01,0.0,0.0
20,0,0.24375,0.16044372066241794,0.689121705248894,-0.21591089640117822,0.08,0.37,0.26,0.15,0.09,0.05,0.0,0.0,0.0
21,0,0.2525,0.15809411753762379,0.7335360969890953,0.20372647550484624,0.06,0.37,0.23,0.23,0.06,0.04,0.01,0.0,0.0
22,0,0.2475,0.14997916521970645,0.351062932730096,0.3221846765035603,0.12,0.21,0.36,0.22,0.07,0.01,0.01,0.0,0.0
23,0,0.25375,0.1504732119016538,0.3207705361115154,-0.0022119531062694264,0.11,0.2,0.38,0.21,0.06,0.04,0.0,0.0,0.0
24,0,0.2375,0.14523687548277814,0.4628454171763928,0.16559670781892866,0.09,0.34,0.24,0.26,0.06,0.0,0.01,0.0,0.0
25,0,0.23625,0.14884450779252825,0.283846042372281,-0.4444511041239969,0.12,0.29,0.27,0.24,0.06,0.02,0.0,0.0,0.0
26,0,0.26,0.14435200033252052,0.2723421724809223,-0.5290635934000982,0.06,0.3,0.27,0.26,0.09,0.02,0.0,0.0,0.0
27,0,0.26625,0.1692400292484021,0.3920002002837994,-0.44128597109908485,0.1,0.27,0.26,0.19,0.14,0.03,0.01,0.0,0.0
28,0,0.2425,0.14665009376062466,0.8223763532541848,0.858040648855396,0.07,0.31,0.38,0.13,0.08,0.02,0.01,0.0,0.0
29,0,0.22125,0.14454130032623894,0.6498589394477936,0.0020592152500120697,0.1,0.38,0.28,0.15,0.07,0.02,0.0,0.0,0.0
30,0,0.24875,0.15661956295431295,0.5374118852841437,0.1369738928283537,0.1,0.28,0.31,0.19,0.09,0.02,0.01,0.0,0.0
31,0,0.245,0.1570429877453941,0.04511921520723611,-0.8729734332906314,0.15,0.23,0.25,0.26,0.1,0.01,0.0,0.0,0.0
32,0,0.24125,0.1583656765211452,0.36754294117931896,-0.542231538224168,0.13,0.26,0.33,0.13,0.13,0.02,0.0,0.0,0.0
33,0,0.2675,0.15514106484100204,0.3924440378705104,0.1853510953762525,0.09,0.21,0.34,0.24,0.08,0.03,0.01,0.0,0.0
34,0,0.23125,0.14724023736737182,0.8796985752192897,0.9502410518626743,0.08,0.36,0.32,0.15,0.06,0.02,0.01,0.0,0.0
35,0,0.245,0.1580348062927911,0.5502076029432154,0.03832060288516592,0.1,0.32,0.25,0.22,0.08,0.02,0.01,0.0,0.0
36,0,0.24625,0.16149206636859906,0.5566045236019391,0.06006369637481068,0.11,0.3,0.26,0.22,0.07,0.03,0.01,0.0,0.0
37,0,0.21875,0.1429324578253659,0.017557665121183837,-0.9280990315469295,0.17,0.25,0.29,0.24,0.05,0.0,0.0,0.0,0.0
38,0,0.25,0.1489546910976623,0.4255004070236735,-0.15334259075580103,0.09,0.26,0.36,0.17,0.09,0.03,0.0,0.0,0.0
39,0,0.2575,0.14771171246722448,0.5384054316644041,0.30093457161727377,0.07,0.26,0.37,0.17,0.11,0.01,0.01,0.0,0.0
40,0,0.2575,0.15594470173750694,0.31911851693885473,-0.7469864525355252,0.08,0.31,0.26,0.19,0.14,0.02,0.0,0.0,0.0
41,0,0.25,0.181142209327368,0.5914847651505892,-0.07482993197278986,0.16,0.23,0.3,0.15,0.1,0.04,0.02,0.0,0.0
42,0,0.24375,0.14617519454408123,0.28468130759678695,-0.625455785086678,0.09,0.31,0.28,0.21,0.1,0.01,0.0,0.0,0.0
43,0,0.24125,0.13835529444152112,0.18260719529117853,-0.31936147488215916,0.1,0.25,0.36,0.21,0.07,0.01,0.0,0.0,0.0
44,0,0.2525,0.14788086421170255,0.43243100637419846,0.07285746362350043,0.09,0.24,0.37,0.2,0.06,0.04,0.0,0.0,0.0
45,0,0.25375,0.16149206636859906,0.22248209668361735,-0.7876352158465028,0.12,0.26,0.27,0.19,0.14,0.02,0.0,0.0,0.0
46,0,0.2475,0.16103182915187916,0.9352646372109608,1.7547891999169734,0.1,0.27,0.35,0.17,0.08,0.01,0.01,0.01,0.0
47,0,0.27875,0.14561829383700386,0.15271463339755545,-0.3750962720774753,0.06,0.22,0.31,0.28,0.1,0.03,0.0,0.0,0.0
48,0,0.25875,0.1543686739594533,0.18550602395812466,-0.44304001219709876,0.11,0.22,0.31,0.24,0.09,0.03,0.0,0.0,0.0
49,0,0.28,0.1621342036709096,0.3734072229560458,0.014690649795176647,0.08,0.22,0.3,0.23,0.14,0.01,0.02,0.0,0.0
50,0,0.23,0.155844473755087,0.30455161754245347,-0.6995218063762154,0.15,0.28,0.28,0.17,0.11,0.01,0.0,0.0,0.0
51,0,0.2775,0.16637683131974837,0.3308259311988852,-0.2418299390789418,0.1,0.19,0.34,0.19,0.13,0.04,0.01,0.0,0.0
52,0,0.265,0.14500000000000002,0.11138218049120482,-0.569873925639174,0.08,0.22,0.35,0.21,0.13,0.01,0.0,0.0,0.0
53,0,0.24125,0.14817114260206,0.6036484330738889,-0.2799647355578876,0.07,0.35,0.32,0.12,0.12,0.02,0.0,0.0,0.0
54,0,0.25375,0.16149206636859906,0.2224820966836174,-0.44304216209800185,0.14,0.2,0.31,0.23,0.08,0.04,0.0,0.0,0.0
55,0,0.25,0.1489546910976623,0.21275020351183674,-0.7484626066256683,0.09,0.3,0.26,0.23,0.11,0.01,0.0,0.0,0.0
56,0,0.23,0.15178109236660542,0.3417371303254623,-0.6334976030788004,0.13,0.31,0.27,0.18,0.1,0.01,0.0,0.0,0.0
57,0,0.23,0.14439529078193653,0.47008249004626107,-0.06949260735296692,0.11,0.3,0.34,0.16,0.07,0.02,0.0,0.0,0.0
58,0,0.275,0.1541103500742244,0.2881564717454329,-0.4369806094182822,0.07,0.23,0.33,0.21,0.12,0.04,0.0,0.0,0.0
59,0,0.26875,0.14724023736737185,0.2583569628839125,-0.5644411979547121,0.06,0.26,0.32,0.21,0.13,0.02,0.0,0.0,0.0
60,0,0.23375,0.15068074694532144,0.6273606724566544,0.6816493515715134,0.12,0.27,0.35,0.18,0.05,0.02,0.01,0.0,0.0
61,0,0.2325,0.16772373117719508,0.35554548171666217,-0.6526237892974103,0.18,0.25,0.26,0.18,0.1,0.03,0.0,0.0,0.0
62,0,0.23625,0.13681077260216026,0.31015380485651095,-0.5875312684584282,0.08,0.32,0.33,0.17,0.1,0.0,0.0,0.0,0.0
63,0,0.23,0.14,0.2321884110787171,-0.49895551332778076,0.11,0.31,0.28,0.24,0.05,0.01,0.0,0.0,0.0
64,0,0.23625,0.14884450779252825,0.17723453070790857,-0.6629107002480117,0.13,0.27,0.28,0.23,0.08,0.01,0.0,0.0,0.0
65,0,0.2675,0.17231874535290695,0.4577027524669314,-0.29071441207183923,0.11,0.23,0.32,0.16,0.12,0.05,0.01,0.0,0.0
66,0,0.27,0.15178109236660542,-0.1406522034903012,-0.6290814858997802,0.12,0.15,0.33,0.26,0.13,0.01,0.0,0.0,0.0
67,0,0.25,0.14252192813739226,0.5667144124753111,-0.24260355029585856,0.05,0.33,0.34,0.15,0.11,0.02,0.0,0.0,0.0
68,0,0.24125,0.1302101666537602,0.1399717090573867,-0.4331016352983714,0.08,0.26,0.39,0.19,0.08,0.0,0.0,0.0,0.0
69,0,0.24625,0.13399510252244295,0.5954309531124967,0.5683865707435305,0.06,0.27,0.42,0.17,0.05,0.03,0.0,0.0,0.0
70,0,0.25125,0.1690922455347968,0.49087588806379845,0.07606192418514324,0.13,0.28,0.2,0.29,0.06,0.02,0.02,0.0,0.0
71,0,0.24875,0.16816565493583996,0.83136660603773,0.2511409451819988,0.09,0.32,0.33,0.11,0.08,0.06,0.01,0.0,0.0
72,0,0.26,0.16458280590632787,0.2994103979665144,-0.16018457846852696,0.13,0.21,0.28,0.26,0.08,0.03,0.01,0.0,0.0
73,0,0.26125,0.14587558911620543,0.46658126329132343,0.3409963450971749,0.07,0.24,0.37,0.2,0.1,0.01,0.01,0.0,0.0
74,0,0.26625,0.13880629488607496,0.31176158747953897,0.04017422518634772,0.07,0.17,0.48,0.14,0.12,0.02,0.0,0.0,0.0
75,0,0.2425,0.13786315678962235,0.25281349541589215,-0.2728885219981083,0.09,0.26,0.37,0.19,0.08,0.01,0.0,0.0,0.0
76,0,0.27625,0.1689073340622011,0.296045430826342,-0.10509125167628586,0.11,0.21,0.25,0.28,0.11,0.02,0.02,0.0,0.0
77,0,0.23625,0.140195176450547,0.17467811628486168,-0.7457278679878399,0.1,0.3,0.3,0.21,0.09,0.0,0.0,0.0,0.0
78,0,0.2325,0.13580776855541069,0.23276516898459718,-0.6545869901948698,0.09,0.32,0.31,0.2,0.08,0.0,0.0,0.0,0.0
79,0,0.22125,0.15192000362032645,0.41296934762586834,-0.4973115412160971,0.15,0.3,0.3,0.14,0.1,0.01,0.0,0.0,0.0
80,0,0.2525,0.16486737093797546,0.5385294087869952,-0.07985206146559198,0.11,0.27,0.31,0.16,0.11,0.03,0.01,0.0,0.0
81,0,0.25125,0.14947303268482912,0.40184883484706896,0.26793122678446535,0.1,0.24,0.34,0.22,0.08,0.01,0.01,0.0,0.0
82,0,0.25,0.1414213562373095,0.2485922277608956,-0.16796875,0.09,0.24,0.36,0.22,0.07,0.02,0.0,0.0,0.0
83,0,0.26875,0.13506364240608942,0.6985762172052188,1.1547304082278345,0.04,0.21,0.45,0.2,0.07,0.02,0.01,0.0,0.0
84,0,0.28125,0.15848402916382456,0.11223663314983917,-0.9123785521309755,0.07,0.25,0.27,0.2,0.19,0.02,0.0,0.0,0.0
85,0,0.2575,0.13442005058770065,0.2666823697089031,-0.05710610141494055,0.06,0.25,0.36,0.25,0.06,0.02,0.0,0.0,0.0
86,0,0.24125,0.1641788278067547,0.6852390197476664,0.2507014309596478,0.12,0.29,0.31,0.16,0.07,0.04,0.01,0.0,0.0
87,0,0.2625,0.14415703243338496,0.46941291583260597,-0.6188026457120253,0.03,0.35,0.27,0.21,0.12,0.02,0.0,0.0,0.0
88,0,0.24,0.1607404740567851,0.544288021870699,-0.08643884162135995,0.12,0.3,0.29,0.15,0.12,0.01,0.01,0.0,0.0
89,0,0.2525,0.17045893933730785,0.6736965507952436,-0.07387642395034355,0.1,0.31,0.29,0.14,0.1,0.05,0.01,0.0,0.0
90,0,0.2475,0.1391716565971678,0.12635262936019054,-0.46781539934032335,0.09,0.26,0.32,0.25,0.07,0.01,0.0,0.0,0.0
91,0,0.2675,0.14686303142724516,0.3560701259990191,-0.5681567024235723,0.05,0.28,0.33,0.18,0.14,0.02,0.0,0.0,0.0
92,0,0.26,0.15173990905493517,0.08151913967414183,-0.9844737521529847,0.09,0.27,0.27,0.21,0.16,0.0,0.0,0.0,0.0
93,0,0.26625,0.15875984221458525,0.6631774046046094,0.38175071783886816,0.06,0.3,0.28,0.23,0.09,0.02,0.02,0.0,0.0
94,0,0.2275,0.16712644913358266,0.40632592689769154,-0.6308477169567865,0.18,0.28,0.23,0.19,0.09,0.03,0.0,0.0,0.0
95,0,0.2375,0.14947825928876748,0.7543721628735292,0.7312827033106735,0.09,0.31,0.35,0.15,0.07,0.02,0.01,0.0,0.0
96,0,0.24875,0.14842401254514043,0.16265296547148836,-0.47459478445916803,0.11,0.25,0.29,0.26,0.07,0.02,0.0,0.0,0.0
97,0,0.25125,0.15461140805257548,0.4566363114670937,0.3557797449887521,0.11,0.24,0.31,0.26,0.04,0.03,0.01,0.0,0.0
98,0,0.23625,0.13450720240938774,0.5083906237773297,-0.19220424454421803,0.06,0.35,0.33,0.17,0.08,0.01,0.0,0.0,0.0
99,0,0.24125,0.14170281401581267,0.09624673230034521,-0.40145278966738296,0.12,0.22,0.36,0.22,0.07,0.01,0.0,0.0,0.0
0,10,0.285,0.17947841095797568,1.0223649300341975,2.2079066046331777,0.09,0.17,0.39,0.19,0.09,0.05,0.0,0.01,0.01
1,10,0.25875,0.1460468674775327,-0.09844454988226038,-0.7816955275417761,0.11,0.2,0.32,0.25,0.12,0.0,0.0,0.0,0.0
2,10,0.27875,0.1589565585309395,0.1468758924913364,-0.6458762694743769,0.08,0.24,0.25,0.27,0.12,0.04,0.0,0.0,0.0
3,10,0.24375,0.15848402916382456,0.6237412891441879,-0.24459123132478178,0.08,0.38,0.21,0.22,0.06,0.05,0.0,0.0,0.0
4,10,0.2625,0.15562374497485915,0.4943685417890217,0.14892819979188454,0.08,0.26,0.31,0.23,0.08,0.03,0.01,0.0,0.0
5,10,0.23,0.14547336525976157,0.23740652446422508,-0.26842364358435056,0.14,0.25,0.32,0.23,0.04,0.02,0.0,0.0,0.0
6,10,0.25375,0.1515080443408864,0.4480143784509655,-0.19850707989387084,0.08,0.29,0.3,0.22,0.07,0.04,0.0,0.0,0.0
7,10,0.23375,0.14103966640629864,0.2984460151414221,-0.4434902078013998,0.1,0.31,0.3,0.21,0.07,0.01,0.0,0.0,0.0
8,10,0.26625,0.1626489701781109,0.6842765824964441,0.360838209302103,0.07,0.28,0.31,0.2,0.09,0.03,0.02,0.0,0.0
9,10,0.2675,0.15911866640969563,0.2020122202377694,-0.5260993183613447,0.1,0.23,0.28,0.25,0.1,0.04,0.0,0.0,0.0
10,10,0.27125,0.15005728072972666,0.01741407034540471,-0.5737350372215873,0.09,0.21,0.29,0.28,0.11,0.02,0.0,0.0,0.0
11,10,0.24125,0.15233084881270767,0.4985124566703675,-0.21656191043860806,0.1,0.3,0.32,0.16,0.09,0.03,0.0,0.0,0.0
12,10,0.27125,0.15314923277640016,-0.03288169965672704,-0.34167969048399094,0.12,0.14,0.34,0.28,0.09,0.03,0.0,0.0,0.0
13,10,0.24625,0.1565796522540525,0.6366001967723287,0.37588262397274663,0.1,0.28,0.33,0.18,0.07,0.03,0.01,0.0,0.0
14,10,0.26,0.17109938632268673,0.46394597173291463,-0.337246333795445,0.11,0.28,0.25,0.2,0.11,0.04,0.01,0.0,0.0
15,10,0.2575,0.14558073361540666,0.37704774718866946,-0.07159705366113167,0.08,0.23,0.39,0.18,0.09,0.03,0.0,0.0,0.0
16,10,0.2175,0.15674421839417232,0.6208031271465013,-0.14020575352197495,0.15,0.34,0.26,0.15,0.07,0.03,0.0,0.0,0.0
17,10,0.24,0.1486186394770185,0.33306152766402924,0.23520916865799268,0.13,0.22,0.36,0.2,0.08,0.0,0.01,0.0,0.0
18,10,0.24375,0.15848402916382456,0.299911003334816,-0.6207440337260461,0.13,0.26,0.3,0.17,0.12,0.02,0.0,0.0,0.0
19,10,0.2675,0.1541306264179835,0.21266517252702702,0.13960061604691498,0.11,0.17,0.34,0.27,0.08,0.02,0.01,0.0,0.0
20,10,0.24875,0.16440707861889645,0.677679186036329,-0.27636061278640023,0.08,0.36,0.26,0.15,0.09,0.06,0.0,0.0,0.0
21,10,0.25,0.15612494995995996,0.6774652660984455,0.20512820512820484,0.07,0.35,0.25,0.22,0.07,0.03,0.01,0.0,0.0
22,10,0.24875,0.1505147418029211,0.43159363290832137,0.2153162328439282,0.1,0.26,0.32,0.22,0.08,0.01,0.01,0.0,0.0
23,10,0.2625,0.1525819451966713,0.36947909435489584,-0.0534210170713032,0.09,0.22,0.35,0.23,0.06,0.05,0.0,0.0,0.0
24,10,0.23625,0.14458453409683902,0.4864811887901745,0.2313111713019711,0.09,0.34,0.25,0.25,0.06,0.0,0.01,0.0,0.0
25,10,0.2425,0.1487657554681184,0.29374717166676984,-0.5135776243131156,0.1,0.31,0.25,0.25,0.07,0.02,0.0,0.0,0.0
26,10,0.26125,0.1490543105716839,0.2508713252196164,-0.5033622793111516,0.07,0.3,0.23,0.3,0.07,0.03,0.0,0.0,0.0
27,10,0.2725,0.1744455502441951,0.40561571059566376,-0.4779343254133215,0.1,0.26,0.26,0.19,0.13,0.05,0.01,0.0,0.0
28,10,0.2475,0.14997916521970642,0.663693186289313,0.516737190666329,0.08,0.29,0.35,0.17,0.08,0.02,0.01,0.0,0.0
29,10,0.22125,0.15192000362032643,0.7137700961333119,0.0053870237889595,0.11,0.39,0.25,0.15,0.07,0.03,0.0,0.0,0.0
30,10,0.25125,0.15958442123214908,0.5291589083567435,-0.009314274666112787,0.1,0.28,0.31,0.17,0.11,0.02,0.01,0.0,0.0
31,10,0.2475,0.16005858302509116,0.09449303064251775,-0.8678120875256163,0.15,0.22,0.28,0.21,0.13,0.01,0.0,0.0,0.0
32,10,0.245,0.15301143748099355,0.3052439759390221,-0.6415525198759795,0.11,0.27,0.33,0.14,0.14,0.01,0.0,0.0,0.0
33,10,0.27,0.1538262006291516,0.3375081157361639,0.010445523293341807,0.08,0.23,0.31,0.25,0.1,0.02,0.01,0.0,0.0
34,10,0.23125,0.14724023736737182,0.8429871062482187,0.9938738738738748,0.09,0.33,0.35,0.14,0.06,0.02,0.01,0.0,0.0
35,10,0.255,0.16575584454250775,0.672862773095453,0.3157134329247957,0.09,0.32,0.23,0.25,0.06,0.03,0.02,0.0,0.0
36,10,0.24625,0.1595452522013739,0.5466427750351041,0.14909724511588873,0.11,0.29,0.27,0.23,0.06,0.03,0.01,0.0,0.0
37,10,0.22375,0.14393466399724564,-0.01665112413336298,-0.863569695569733,0.17,0.22,0.32,0.23,0.06,0.0,0.0,0.0,0.0
38,10,0.24875,0.14947303268482914,0.2999663277000961,-0.4128818720165186,0.1,0.26,0.33,0.19,0.1,0.02,0.0,0.0,0.0
39,10,0.25625,0.14617519454408123,0.39067467747631607,-0.3559451754459242,0.07,0.27,0.36,0.16,0.12,0.02,0.0,0.0,0.0
40,10,0.25625,0.1564998003193614,0.36420243054106327,-0.6217348503926172,0.08,0.32,0.24,0.22,0.11,0.03,0.0,0.0,0.0
41,10,0.2575,0.1792519177024335,0.5661863136223532,-0.09257650460098477,0.14,0.23,0.31,0.15,0.11,0.04,0.02,0.0,0.0
42,10,0.2475,0.14997916521970645,0.3163262378901833,-0.7802795704187853,0.08,0.34,0.24,0.21,0.12,0.01,0.0,0.0,0.0
43,10,0.24375,0.14724023736737182,0.06011503044012871,-0.5956074993912832,0.13,0.22,0.32,0.24,0.08,0.01,0.0,0.0,0.0
44,10,0.25375,0.1515080443408864,0.7175798104719435,0.9980152158215279,0.08,0.26,0.36,0.2,0.07,0.01,0.02,0.0,0.0
45,10,0.255,0.1676305461424021,0.350008720815531,-0.5240965476627717,0.13,0.24,0.29,0.19,0.1,0.05,0.0,0.0,0.0
46,10,0.24625,0.16052161069463514,1.0192264849314723,2.0229648142872136,0.1,0.26,0.38,0.16,0.06,0.02,0.01,0.01,0.0
47,10,0.27875,0.15396326672294272,0.2627787557295027,-0.013405701142368276,0.08,0.19,0.34,0.24,0.12,0.02,0.01,0.0,0.0
48,10,0.2625,0.15761900266148116,0.2304338569822529,-0.5793283493532693,0.1,0.24,0.3,0.21,0.12,0.03,0.0,0.0,0.0
49,10,0.27875,0.16284098839051547,0.35589506655808173,-0.0402029491251108,0.08,0.24,0.26,0.26,0.13,0.01,0.02,0.0,0.0
50,10,0.23,0.1627114009527298,0.4068796999965542,-0.6198375184242968,0.16,0.28,0.28,0.14,0.12,0.02,0.0,0.0,0.0
51,10,0.26875,0.16237976320958225,0.1584078071909909,-0.5301333333333336,0.12,0.18,0.33,0.21,0.12,0.04,0.0,0.0,0.0
52,10,0.26,0.14966629547095764,0.09054742270986622,-0.657088299186861,0.1,0.22,0.33,0.21,0.13,0.01,0.0,0.0,0.0
53,10,0.23375,0.1496401934641893,0.6010195099048284,-0.11722490949242648,0.09,0.36,0.27,0.18,0.07,0.03,0.0,0.0,0.0
54,10,0.2475,0.16296088487732263,0.28071080482253397,-0.44319849101592457,0.15,0.21,0.31,0.21,0.08,0.04,0.0,0.0,0.0
55,10,0.24625,0.1515080443408864,0.22589920160148014,-0.7989922468885862,0.1,0.31,0.24,0.23,0.11,0.01,0.0,0.0,0.0
56,10,0.225,0.15909902576697318,0.40738662290582994,-0.5683584819387284,0.16,0.3,0.25,0.18,0.09,0.02,0.0,0.0,0.0
57,10,0.2275,0.14618053906043718,0.42788863233813196,-0.2059415233814179,0.12,0.31,0.3,0.19,0.06,0.02,0.0,0.0,0.0
58,10,0.275,0.1600781059358212,0.2228332944020351,-0.5645449137418188,0.09,0.21,0.33,0.19,0.14,0.04,0.0,0.0,0.0
59,10,0.2725,0.14402690720834074,0.19433071643611433,-0.454309602396056,0.06,0.23,0.34,0.23,0.12,0.02,0.0,0.0,0.0
60,10,0.24,0.15070666873101535,0.5987751330016471,0.6062994606373069,0.11,0.26,0.36,0.18,0.06,0.02,0.01,0.0,0.0
61,10,0.24,0.16833745869532424,0.3667643894910923,-0.5930020670174407,0.16,0.26,0.25,0.2,0.09,0.04,0.0,0.0,0.0
62,10,0.23125,0.14183507147387772,0.46050340936029965,-0.3339881232915456,0.09,0.34,0.31,0.16,0.09,0.01,0.0,0.0,0.0
63,10,0.23375,0.14214319364640715,0.215245350857531,-0.5461046014855473,0.11,0.3,0.28,0.24,0.06,0.01,0.0,0.0,0.0
64,10,0.2375,0.14630874888399528,0.0823176721303743,-0.8099525813841955,0.13,0.25,0.31,0.21,0.1,0.0,0.0,0.0,0.0
65,10,0.27125,0.1777067457920492,0.4295840756355457,-0.4688479395281657,0.11,0.25,0.27,0.18,0.12,0.06,0.01,0.0,0.0
66,10,0.2725,0.15348045478170827,-0.053987444349583635,-0.5722956283898726,0.11,0.17,0.31,0.27,0.12,0.02,0.0,0.0,0.0
67,10,0.25125,0.1484240125451404,0.4466281338421992,-0.43475210288490995,0.07,0.31,0.32,0.16,0.12,0.02,0.0,0.0,0.0
68,10,0.24125,0.1349247475446962,0.13916434743664768,-0.5360372509791294,0.09,0.26,0.37,0.19,0.09,0.0,0.0,0.0,0.0
69,10,0.24125,0.13722130847648992,0.5468299331757358,0.5097578094525521,0.08,0.26,0.42,0.16,0.05,0.03,0.0,0.0,0.0
70,10,0.25875,0.17522753065657234,0.4635634138510014,-0.26678145205770765,0.12,0.3,0.18,0.25,0.11,0.02,0.02,0.0,0.0
71,10,0.25125,0.1690922455347968,0.7817408849166835,0.13913430134161775,0.09,0.32,0.31,0.13,0.08,0.06,0.01,0.0,0.0
72,10,0.26,0.1636306817195357,0.38705047652302244,-0.16106311805768048,0.11,0.25,0.27,0.24,0.09,0.03,0.01,0.0,0.0
73,10,0.26,0.14543039572248986,0.6061733376357826,0.559864527270594,0.06,0.26,0.37,0.2,0.08,0.02,0.01,0.0,0.0
74,10,0.2625,0.14415703243338496,0.2738242009023534,-0.21177002657018518,0.08,0.2,0.42,0.16,0.12,0.02,0.0,0.0,0.0
75,10,0.2475,0.15101738310538956,0.27650224628249437,-0.2139438976550183,0.12,0.22,0.35,0.21,0.07,0.03,0.0,0.0,0.0
76,10,0.27875,0.16663489280459837,0.5367775341424333,0.8292981440606924,0.09,0.22,0.26,0.3,0.09,0.02,0.01,0.01,0.0
77,10,0.23625,0.15501512023025368,0.33496435625091037,-0.548010023658636,0.13,0.29,0.27,0.2,0.09,0.02,0.0,0.0,0.0
78,10,0.23125,0.13849074878850212,0.21011351486381122,-0.7333883632472071,0.1,0.32,0.29,0.21,0.08,0.0,0.0,0.0,0.0
79,10,0.2275,0.1514306772090781,0.4152814093693953,-0.5182806065359005,0.13,0.31,0.3,0.14,0.11,0.01,0.0,0.0,0.0
80,10,0.2575,0.16753730927766505,0.5135298191940476,-0.12913260648811775,0.11,0.26,0.3,0.18,0.1,0.04,0.01,0.0,0.0
81,10,0.24875,0.15257682491125577,0.38199736601625833,0.11599590361664802,0.11,0.25,0.31,0.23,0.08,0.01,0.01,0.0,0.0
82,10,0.25,0.1489546910976623,0.4255004070236735,-0.15334259075580103,0.09,0.26,0.36,0.17,0.09,0.03,0.0,0.0,0.0
83,10,0.26625,0.1376760236933069,0.5498719790683382,0.9172463242526336,0.05,0.23,0.38,0.26,0.05,0.02,0.01,0.0,0.0
84,10,0.28125,0.1574950396044269,0.12186360557153252,-0.8703577407154808,0.07,0.24,0.29,0.19,0.19,0.02,0.0,0.0,0.0
85,10,0.2575,0.13672508913875317,0.38546772695462694,0.1669461745316192,0.06,0.25,0.37,0.24,0.05,0.03,0.0,0.0,0.0
86,10,0.23875,0.1668597839504774,0.6440046172334625,0.1666980786567045,0.14,0.27,0.31,0.16,0.07,0.04,0.01,0.0,0.0
87,10,0.26375,0.1467299815988539,0.49087754604516587,-0.41891232326312045,0.04,0.32,0.3,0.2,0.11,0.03,0.0,0.0,0.0
88,10,0.2475,0.16768646337734003,0.6826357270138032,0.6335652075705149,0.12,0.28,0.3,0.14,0.14,0.01,0.0,0.01,0.0
89,10,0.25,0.17410485346480148,0.5773271790946761,-0.18886172813263835,0.13,0.28,0.27,0.17,0.09,0.05,0.01,0.0,0.0
90,10,0.24875,0.1408622997824471,0.10348917118236414,-0.5722124100874431,0.09,0.27,0.29,0.27,0.07,0.01,0.0,0.0,0.0
91,10,0.26625,0.15577929098567628,0.2800757263196886,-0.5911886185445012,0.08,0.26,0.3,0.2,0.13,0.03,0.0,0.0,0.0
92,10,0.26,0.1558043645088288,0.06538937852314797,-0.8539838636631192,0.11,0.24,0.27,0.23,0.14,0.01,0.0,0.0,0.0
93,10,0.27,0.1655672068979845,0.763325487664471,0.5136209416480622,0.06,0.3,0.28,0.22,0.09,0.02,0.03,0.0,0.0
94,10,0.23125,0.16712177446401172,0.40075881608082775,-0.6392918969142745,0.17,0.28,0.24,0.18,0.1,0.03,0.0,0.0,0.0
95,10,0.23875,0.1500989257123448,0.7624037726850158,0.6050026915567535,0.08,0.34,0.31,0.17,0.07,0.02,0.01,0.0,0.0
96,10,0.24625,0.14518845511954453,0.5944173381574286,0.4363979333309582,0.07,0.32,0.3,0.22,0.07,0.01,0.01,0.0,0.0
97,10,0.2525,0.16199922839322414,0.4314760392280043,-0.00791794233546872,0.12,0.25,0.28,0.24,0.07,0.03,0.01,0.0,0.0
98,10,0.23125,0.1429324578253659,0.45599764557588846,-0.12087200991485414,0.1,0.32,0.31,0.19,0.06,0.02,0.0,0.0,0.0
99,10,0.24125,0.14170281401581267,0.17861802101646052,-0.3811074272616497,0.11,0.24,0.36,0.2,0.08,0.01,0.0,0.0,0.0
0,20,0.28,0.18210573851474313,1.2089379710023218,2.59755734570128,0.09,0.18,0.4,0.2,0.06,0.03,0.02,0.01,0.01
1,20,0.25375,0.14301988498107526,-0.01859103568607426,-0.4872124656791401,0.11,0.2,0.34,0.26,0.08,0.01,0.0,0.0,0.0
2,20,0.28,0.165,0.15289256198347073,-0.8600075384448043,0.08,0.27,0.21,0.25,0.15,0.04,0.0,0.0,0.0
3,20,0.245,0.16,0.6755218505859377,0.05881214141845703,0.08,0.38,0.2,0.23,0.07,0.03,0.01,0.0,0.0
4,20,0.25625,0.161414644626812,0.4085643902666971,0.03141907307215819,0.12,0.22,0.32,0.22,0.08,0.03,0.01,0.0,0.0
5,20,0.23,0.14221462653327893,0.15306171291457146,-0.5261970935749098,0.13,0.27,0.3,0.24,0.05,0.01,0.0,0.0,0.0
6,20,0.2575,0.1569434611571951,0.40218964718137407,-0.3783532298046799,0.09,0.27,0.31,0.19,0.1,0.04,0.0,0.0,0.0
7,20,0.2425,0.14665009376062466,0.26502955127645156,-0.5861574373541081,0.1,0.29,0.3,0.2,0.1,0.01,0.0,0.0,0.0
8,20,0.2725,0.16141948457357927,0.30354056455457357,0.21628381270316988,0.12,0.14,0.36,0.27,0.05,0.05,0.01,0.0,0.0
9,20,0.2725,0.1753389574509898,0.3955339513883337,-0.3987908033707783,0.11,0.24,0.26,0.22,0.1,0.06,0.01,0.0,0.0
10,20,0.2725,0.1555032154008399,0.061531614594982915,-0.7483696648061993,0.09,0.23,0.27,0.25,0.14,0.02,0.0,0.0,0.0
11,20,0.245,0.1619413474070165,0.5985378548720665,-0.07772711947735544,0.11,0.29,0.31,0.17,0.06,0.06,0.0,0.0,0.0
12,20,0.27,0.14111165791670086,0.18363735059660016,-0.2079755710896194,0.07,0.19,0.4,0.21,0.11,0.02,0.0,0.0,0.0
13,20,0.25,0.1620185174601965,0.4684208838134934,0.01870748299319791,0.12,0.26,0.28,0.23,0.07,0.03,0.01,0.0,0.0
14,20,0.26375,0.17668386315676934,0.4636594465144888,-0.4825444262899783,0.11,0.29,0.23,0.19,0.12,0.05,0.01,0.0,0.0
15,20,0.24625,0.14732510817915595,0.35123866668632936,-0.00896189400116798,0.11,0.22,0.39,0.18,0.07,0.03,0.0,0.0,0.0
16,20,0.22125,0.1599365108410209,0.6644363900242362,-0.11651762184181891,0.14,0.36,0.23,0.17,0.06,0.04,0.0,0.0,0.0
17,20,0.2475,0.14893371008606482,0.42874515712144745,0.17308650990944852,0.1,0.25,0.36,0.17,0.11,0.0,0.01,0.0,0.0
18,20,0.2375,0.16535945694153692,0.3913552143386973,-0.5388408163265308,0.16,0.24,0.32,0.13,0.12,0.03,0.0,0.0,0.0
19,20,0.26625,0.1645590699414651,0.338315761900019,0.5865179964356586,0.13,0.18,0.29,0.27,0.11,0.01,0.0,0.01,0.0
20,20,0.25125,0.17001378620570745,0.6734722524540062,-0.05998604944877606,0.1,0.32,0.27,0.16,0.09,0.05,0.01,0.0,0.0
21,20,0.255,0.1570429877453941,0.6507914270717532,0.04990098206168314,0.06,0.36,0.23,0.23,0.08,0.03,0.01,0.0,0.0
22,20,0.24625,0.1595452522013739,0.6043539120154944,1.149260468709481,0.13,0.23,0.32,0.22,0.08,0.01,0.0,0.01,0.0
23,20,0.2475,0.15710267343364978,0.4003394867309841,-0.22668781330154086,0.12,0.24,0.34,0.18,0.08,0.04,0.0,0.0,0.0
24,20,0.2325,0.15813364600868468,0.5309212365069418,-0.09779522127715978,0.12,0.36,0.18,0.25,0.07,0.01,0.01,0.0,0.0
25,20,0.24,0.1636306817195357,0.22814751109511675,-0.6236664600480712,0.17,0.22,0.27,0.23,0.08,0.03,0.0,0.0,0.0
26,20,0.2625,0.1463087488839953,0.329270688521496,-0.6309339868932815,0.05,0.32,0.26,0.24,0.11,0.02,0.0,0.0,0.0
27,20,0.2625,0.16345871038277526,0.40516696859011464,-0.3547758284600384,0.09,0.29,0.25,0.21,0.13,0.02,0.01,0.0,0.0
28,20,0.24625,0.15557855732715867,0.74139315630979,0.4142312214695596,0.08,0.32,0.32,0.16,0.08,0.03,0.01,0.0,0.0
29,20,0.23,0.14970804921579867,0.554509268348854,-0.293472259505811,0.1,0.36,0.27,0.16,0.09,0.02,0.0,0.0,0.0
30,20,0.25625,0.16524130083002858,0.5574498230338308,0.27014680690379134,0.11,0.26,0.28,0.23,0.08,0.02,0.02,0.0,0.0
31,20,0.23875,0.17056432071215832,0.25720091982936716,-0.4803828707617339,0.2,0.19,0.26,0.23,0.1,0.01,0.01,0.0,0.0
32,20,0.24125,0.1660713325652564,0.40980357437782156,-0.5519258559666094,0.15,0.24,0.34,0.1,0.14,0.03,0.0,0.0,0.0
33,20,0.26375,0.16667239573486667,0.380475981490038,-0.13251501004415367,0.12,0.21,0.31,0.22,0.09,0.04,0.01,0.0,0.0
34,20,0.23125,0.15347536447260846,0.870786520469983,0.86042424692458,0.1,0.33,0.34,0.13,0.06,0.03,0.01,0.0,0.0
35,20,0.2575,0.16753730927766505,0.8374888068062717,0.9656123647874697,0.08,0.32,0.27,0.18,0.12,0.01,0.01,0.01,0.0
36,20,0.245,0.15902043893789253,0.6577745932933449,0.26095135795005797,0.1,0.3,0.31,0.17,0.08,0.03,0.01,0.0,0.0
37,20,0.21625,0.1412610615137802,0.25230384819317264,-0.43753113495425655,0.15,0.29,0.3,0.21,0.04,0.01,0.0,0.0,0.0
38,20,0.25875,0.1460468674775327,0.5786932459374854,-0.04244064634123168,0.05,0.3,0.34,0.19,0.08,0.04,0.0,0.0,0.0
39,20,0.25625,0.16044372066241794,0.5593128817177083,0.9158908632889791,0.11,0.24,0.3,0.23,0.1,0.01,0.0,0.01,0.0
40,20,0.265,0.1523564898519259,0.30013148138832907,-0.5393929270811317,0.07,0.28,0.28,0.23,0.11,0.03,0.0,0.0,0.0
41,20,0.2475,0.18622902566463695,0.614843532642326,-0.1791378703424389,0.17,0.25,0.26,0.16,0.09,0.05,0.02,0.0,0.0
42,20,0.2475,0.15307269514841634,0.1688014335000286,-0.8294205030650663,0.11,0.29,0.24,0.24,0.11,0.01,0.0,0.0,0.0
43,20,0.2425,0.1355774686295625,0.30719779154259286,-0.19011383457573938,0.08,0.27,0.38,0.18,0.08,0.01,0.0,0.0,0.0
44,20,0.2525,0.14250000000000002,0.40634365229787284,-0.2002184349925713,0.07,0.27,0.37,0.17,0.1,0.02,0.0,0.0,0.0
45,20,0.26,0.1636306817195357,0.3068072607467434,-0.7544377228015389,0.1,0.28,0.27,0.17,0.15,0.03,0.0,0.0,0.0
46,20,0.2575,0.16280740155164936,1.328102683819809,3.5464098043370305,0.06,0.31,0.32,0.21,0.06,0.02,0.01,0.0,0.01
47,20,0.28125,0.15449008867885344,-0.005959100283604429,-0.5551201245041133,0.09,0.19,0.28,0.29,0.12,0.03,0.0,0.0,0.0
48,20,0.265,0.16132265804901677,0.3901465673153475,-0.082668239085117,0.1,0.23,0.31,0.22,0.1,0.03,0.01,0.0,0.0
49,20,0.27125,0.16868517273311248,0.3484483712431641,-0.07180403024393867,0.11,0.23,0.24,0.28,0.1,0.02,0.02,0.0,0.0
50,20,0.23,0.1627114009527298,0.32526872037593607,-0.7017604399896205,0.17,0.27,0.25,0.19,0.1,0.02,0.0,0.0,0.0
51,20,0.2825,0.17732385626305333,0.35475754966024425,-0.1934247380018479,0.12,0.17,0.31,0.22,0.11,0.05,0.02,0.0,0.0
52,20,0.26125,0.1480023226169103,0.04262849452555017,-0.6205805770582478,0.1,0.21,0.33,0.23,0.12,0.01,0.0,0.0,0.0
53,20,0.245,0.15604486534327233,0.8466310167099808,0.46229587340672795,0.07,0.34,0.34,0.11,0.1,0.03,0.01,0.0,0.0
54,20,0.26,0.157797338380595,0.20729654700891037,-0.5565394106546675,0.11,0.23,0.3,0.22,0.11,0.03,0.0,0.0,0.0
55,20,0.24875,0.14306357852367596,0.2996934644362169,-0.6179651306360787,0.07,0.32,0.28,0.22,0.1,0.01,0.0,0.0,0.0
56,20,0.24875,0.15257682491125574,0.31601231363097604,-0.8592262063948648,0.08,0.35,0.22,0.21,0.13,0.01,0.0,0.0,0.0
57,20,0.24125,0.14922194041091946,0.6287225954268072,0.4307625329002138,0.09,0.3,0.34,0.16,0.09,0.01,0.01,0.0,0.0
58,20,0.28125,0.16237976320958225,0.37805750960268825,-0.4138271604938275,0.07,0.23,0.32,0.21,0.1,0.07,0.0,0.0,0.0
59,20,0.265,0.15337861650177967,0.09540683760484989,-0.8361399058816623,0.09,0.25,0.28,0.22,0.15,0.01,0.0,0.0,0.0
60,20,0.2325,0.1520896117425513,0.7020278486546351,0.6109256785283548,0.11,0.31,0.32,0.17,0.06,0.02,0.01,0.0,0.0
61,20,0.23875,0.17861883299361242,0.5079357814480483,-0.3606873101428745,0.18,0.26,0.23,0.19,0.09,0.04,0.01,0.0,0.0
62,20,0.23,0.14439529078193653,0.2754603674449671,-0.6490649207252912,0.12,0.29,0.33,0.15,0.11,0.0,0.0,0.0,0.0
63,20,0.2275,0.15348045478170827,0.41053276606272865,-0.41601660105646054,0.14,0.3,0.28,0.18,0.08,0.02,0.0,0.0,0.0
64,20,0.23875,0.15521658255482884,0.13947464327582246,-0.875403793553899,0.14,0.28,0.22,0.26,0.09,0.01,0.0,0.0,0.0
65,20,0.265,0.18138357147217055,0.45829343319994476,-0.4950677192561046,0.13,0.24,0.29,0.14,0.13,0.06,0.01,0.0,0.0
66,20,0.27375,0.1517553541065356,0.10228024904660242,-0.6383719641913146,0.08,0.22,0.31,0.23,0.14,0.02,0.0,0.0,0.0
67,20,0.2575,0.14771171246722448,0.5747664878846488,-0.26031549310290014,0.05,0.31,0.35,0.14,0.12,0.03,0.0,0.0,0.0
68,20,0.245,0.13683932183404007,0.35358632325187417,0.05168261732153878,0.08,0.26,0.38,0.2,0.06,0.02,0.0,0.0,0.0
69,20,0.25,0.14469796128487783,0.3481260819506973,-0.04834038761416881,0.09,0.25,0.35,0.22,0.06,0.03,0.0,0.0,0.0
70,20,0.25625,0.16898132293244716,0.5406785051622054,0.190481715544363,0.12,0.26,0.25,0.26,0.06,0.03,0.02,0.0,0.0
71,20,0.25375,0.16905527942066761,0.7944830065204869,0.23537109550539181,0.09,0.3,0.33,0.14,0.06,0.07,0.01,0.0,0.0
72,20,0.2725,0.1623845743905498,0.2932343420050366,-0.10391966589140278,0.1,0.22,0.26,0.3,0.07,0.04,0.01,0.0,0.0
73,20,0.26375,0.1509294123091984,0.7087132200574203,1.5049198121560154,0.07,0.24,0.36,0.21,0.1,0.01,0.0,0.01,0.0
74,20,0.2775,0.14315638302220407,0.4018983158557331,0.1189520938786206,0.06,0.16,0.47,0.16,0.11,0.04,0.0,0.0,0.0
75,20,0.25,0.14469796128487783,0.38680675772299694,-0.2488304744932064,0.08,0.27,0.36,0.17,0.1,0.02,0.0,0.0,0.0
76,20,0.2875,0.1625,0.14201183431952696,-0.3093028955568786,0.09,0.19,0.27,0.28,0.13,0.03,0.01,0.0,0.0
77,20,0.2375,0.14630874888399534,0.1571519195216234,-0.6565080718205567,0.12,0.28,0.27,0.25,0.07,0.01,0.0,0.0,0.0
78,20,0.23625,0.13907619314605935,0.26126346348875495,-0.6518407727149405,0.09,0.31,0.32,0.18,0.1,0.0,0.0,0.0,0.0
79,20,0.22875,0.15915303170219536,0.4077830811311646,-0.57211231498761,0.15,0.3,0.26,0.17,0.1,0.02,0.0,0.0,0.0
80,20,0.25375,0.16436905882799233,0.7100167723201778,0.8420597520797819,0.1,0.28,0.3,0.18,0.11,0.02,0.0,0.01,0.0
81,20,0.25625,0.1482976314713084,0.15495577025922894,-0.08381261258987394,0.12,0.16,0.4,0.22,0.07,0.03,0.0,0.0,0.0
82,20,0.2575,0.14771171246722448,0.5020443754441599,0.7391034817935496,0.09,0.21,0.38,0.24,0.04,0.03,0.01,0.0,0.0
83,20,0.2675,0.14471955638406303,0.6149330483203332,0.5107036555851119,0.05,0.24,0.4,0.18,0.1,0.02,0.01,0.0,0.0
84,20,0.28375,0.17034432042190312,0.09722963927584963,-0.8408157327043884,0.11,0.18,0.32,0.15,0.2,0.04,0.0,0.0,0.0
85,20,0.25625,0.14617519454408123,0.5407537852703391,0.6450942317911577,0.08,0.23,0.39,0.2,0.07,0.02,0.01,0.0,0.0
86,20,0.24125,0.1632243471422079,0.6146002422866809,0.1791669635705775,0.13,0.26,0.34,0.14,0.09,0.03,0.01,0.0,0.0
87,20,0.26125,0.13703899992337948,0.4134291685238308,-0.4280058390782804,0.03,0.33,0.28,0.26,0.08,0.02,0.0,0.0,0.0
88,20,0.2425,0.17661752461180064,0.8294005724449093,0.5824755848846892,0.13,0.31,0.28,0.12,0.11,0.04,0.0,0.01,0.0
89,20,0.25,0.17765838004439868,0.8359574788874756,0.43593765317125843,0.1,0.36,0.22,0.16,0.1,0.05,0.0,0.01,0.0
90,20,0.24875,0.13404173790278906,0.16584369068550253,-0.4003116277287413,0.07,0.28,0.32,0.26,0.06,0.01,0.0,0.0,0.0
91,20,0.26875,0.14934753931685651,0.4129169210062144,-0.2350808640631099,0.06,0.25,0.35,0.2,0.1,0.04,0.0,0.0,0.0
92,20,0.2625,0.1463087488839953,0.3666878122171205,-0.5797858170387338,0.05,0.31,0.29,0.21,0.12,0.02,0.0,0.0,0.0
93,20,0.26625,0.16071617062386723,0.5754547071333395,0.25903029231533603,0.07,0.3,0.24,0.27,0.08,0.02,0.02,0.0,0.0
94,20,0.23375,0.17558384749173256,0.46966615125395045,-0.6094955870152803,0.18,0.28,0.22,0.18,0.09,0.05,0.0,0.0,0.0
95,20,0.24625,0.1515080443408864,0.8661171026513024,1.3216100002575688,0.08,0.29,0.35,0.2,0.04,0.02,0.02,0.0,0.0
96,20,0.24,0.15976545308670456,0.17844167394495278,-0.7005394070263922,0.16,0.23,0.27,0.23,0.09,0.02,0.0,0.0,0.0
97,20,0.25125,0.17001378620570745,0.4588516640302905,-0.1588718308221142,0.14,0.24,0.28,0.21,0.08,0.04,0.01,0.0,0.0
98,20,0.2425,0.14122234242498602,0.40911769398727155,-0.45027199166882914,0.07,0.33,0.31,0.18,0.1,0.01,0.0,0.0,0.0
99,20,0.25,0.15811388300841897,0.266817177576707,-0.265625,0.14,0.19,0.35,0.21,0.07,0.04,0.0,0.0,0.0
0,30,0.28625,0.1716600929162046,0.7664005846211682,1.2930784505410626,0.08,0.19,0.35,0.21,0.12,0.03,0.0,0.02,0.0
1,30,0.25625,0.15347536447260843,0.06685889989648594,-0.6138626931676607,0.12,0.22,0.28,0.27,0.09,0.02,0.0,0.0,0.0
2,30,0.28125,0.15848402916382456,0.22999310071688353,-0.2622379060053346,0.08,0.21,0.3,0.24,0.14,0.02,0.01,0.0,0.0
3,30,0.225,0.16007810593582122,0.4628076114503813,-0.6716240333135035,0.14,0.37,0.17,0.21,0.09,0.02,0.0,0.0,0.0
4,30,0.25375,0.1595452522013739,0.5498688275923082,0.13643695114634902,0.1,0.26,0.33,0.18,0.09,0.03,0.01,0.0,0.0
5,30,0.2425,0.15188400179084038,0.2820440848345145,-0.5733399562123673,0.11,0.3,0.25,0.24,0.08,0.02,0.0,0.0,0.0
6,30,0.26,0.1558043645088288,0.4062172612726884,-0.2951674778674236,0.08,0.29,0.26,0.26,0.06,0.05,0.0,0.0,0.0
7,30,0.24125,0.14280121673151105,0.4188002645272235,-0.2485877636017193,0.08,0.32,0.3,0.21,0.07,0.02,0.0,0.0,0.0
8,30,0.27875,0.1666348928045984,0.359488656729733,-0.22627845466613072,0.09,0.22,0.29,0.24,0.1,0.05,0.01,0.0,0.0
9,30,0.27625,0.16421689164029382,0.13823118608474513,-0.6338554842422974,0.1,0.23,0.23,0.29,0.1,0.05,0.0,0.0,0.0
10,30,0.285,0.17146428199482247,0.06877287619056921,-0.8223071116201583,0.11,0.2,0.25,0.23,0.16,0.05,0.0,0.0,0.0
11,30,0.245,0.15803480629279112,0.520516724697704,-0.10634358081805884,0.1,0.32,0.26,0.19,0.11,0.01,0.01,0.0,0.0
12,30,0.27375,0.14968195449017896,0.2945886315035605,0.35285034981871854,0.09,0.15,0.41,0.22,0.1,0.02,0.01,0.0,0.0
13,30,0.25125,0.16345393081844192,0.5987256218773319,0.06982518365122914,0.1,0.3,0.27,0.21,0.07,0.04,0.01,0.0,0.0
14,30,0.26125,0.17597496270776705,0.3778183982124748,-0.567644285073778,0.13,0.25,0.27,0.15,0.16,0.03,0.01,0.0,0.0
15,30,0.26125,0.13930070889984733,0.42916648146606284,0.27802762107815093,0.06,0.24,0.37,0.25,0.04,0.04,0.0,0.0,0.0
16,30,0.20375,0.15677910415613427,0.5710971977528748,-0.2736400737720768,0.2,0.31,0.26,0.14,0.07,0.02,0.0,0.0,0.0
17,30,0.2525,0.15809411753762379,0.5259337795373833,0.1699595941746117,0.1,0.27,0.3,0.22,0.07,0.03,0.01,0.0,0.0
18,30,0.25,0.15103807466993216,0.30610080811320456,-0.4573090636141872,0.1,0.26,0.33,0.18,0.11,0.02,0.0,0.0,0.0
19,30,0.275,0.15909902576697318,0.32008948942600884,-0.0653863740283489,0.09,0.2,0.33,0.23,0.11,0.03,0.01,0.0,0.0
20,30,0.24125,0.1778825103825556,0.4981589925216711,-0.49028659997540336,0.17,0.26,0.25,0.18,0.07,0.07,0.0,0.0,0.0
21,30,0.25125,0.15257682491125577,0.6737634721482634,0.6219869762168577,0.08,0.29,0.31,0.24,0.03,0.04,0.01,0.0,0.0
22,30,0.2575,0.15694346115719507,0.28093131168288943,0.031137661630594504,0.12,0.21,0.3,0.27,0.07,0.02,0.01,0.0,0.0
23,30,0.25375,0.1504732119016538,0.9054968481989017,1.4824366701238123,0.07,0.26,0.39,0.2,0.03,0.03,0.02,0.0,0.0
24,30,0.235,0.15029138365189135,0.4039745256903598,0.03954706057639301,0.12,0.3,0.26,0.24,0.07,0.0,0.01,0.0,0.0
25,30,0.23375,0.17198746320589767,0.46473631835325524,-0.20209277309518914,0.19,0.23,0.26,0.21,0.07,0.03,0.01,0.0,0.0
26,30,0.2725,0.16141948457357927,0.2756784918792014,-0.24284981365100844,0.1,0.2,0.33,0.2,0.14,0.02,0.01,0.0,0.0
27,30,0.27625,0.17791764246414685,0.6465724746818837,0.23708843423029613,0.08,0.29,0.25,0.18,0.15,0.03,0.01,0.01,0.0
28,30,0.24625,0.16149206636859906,0.807025222979439,0.6432874398441477,0.1,0.28,0.35,0.17,0.03,0.06,0.01,0.0,0.0
29,30,0.23125,0.15649980031936145,0.8350286576413656,0.40290591637859086,0.09,0.39,0.26,0.14,0.09,0.02,0.01,0.0,0.0
30,30,0.2475,0.1648673709379755,0.7166863680454072,0.23420432519090095,0.1,0.31,0.29,0.18,0.06,0.05,0.01,0.0,0.0
31,30,0.25625,0.16237976320958225,0.15361793829104753,-1.0484543209876547,0.11,0.3,0.2,0.22,0.16,0.01,0.0,0.0,0.0
32,30,0.24625,0.1671965534931866,0.3305596311647209,-0.6521249269040594,0.14,0.28,0.22,0.23,0.09,0.04,0.0,0.0,0.0
33,30,0.26625,0.16550585337080984,0.4842756080574825,-0.17331445961183922,0.09,0.26,0.3,0.19,0.11,0.04,0.01,0.0,0.0
34,30,0.235,0.1523564898519259,0.8264881934927875,0.7742411153535982,0.09,0.34,0.31,0.17,0.05,0.03,0.01,0.0,0.0
35,30,0.2375,0.15761900266148116,0.6673603910005514,0.2750682330603995,0.11,0.31,0.31,0.15,0.09,0.02,0.01,0.0,0.0
36,30,0.25125,0.17896839804837053,0.41176398689899,-0.3821527040540471,0.17,0.22,0.25,0.22,0.08,0.05,0.01,0.0,0.0
37,30,0.22875,0.14148211017651666,0.37811430200598234,-0.4288300510814165,0.1,0.34,0.28,0.2,0.07,0.01,0.0,0.0,0.0
38,30,0.25125,0.15461140805257548,0.42492919970479537,-0.6173065699676812,0.08,0.32,0.29,0.15,0.14,0.02,0.0,0.0,0.0
39,30,0.26375,0.15400385547121864,0.3998514265761021,0.12958979820842753,0.09,0.22,0.35,0.21,0.1,0.02,0.01,0.0,0.0
40,30,0.26375,0.171295614363007,0.24440816734303064,-0.6416404547862697,0.14,0.19,0.32,0.17,0.13,0.05,0.0,0.0,0.0
41,30,0.25625,0.18317938612191056,0.6951810638096235,0.04444348072385651,0.13,0.27,0.29,0.13,0.12,0.03,0.03,0.0,0.0
42,30,0.255,0.15301143748099358,0.38171198842991866,-0.46410750573881643,0.08,0.3,0.28,0.21,0.1,0.03,0.0,0.0,0.0
43,30,0.25375,0.14943121327219425,0.29346110967957284,-0.4528466528821613,0.09,0.26,0.33,0.19,0.11,0.02,0.0,0.0,0.0
44,30,0.26,0.15378556499229698,0.39536051358761887,-0.21244563735590827,0.09,0.23,0.37,0.17,0.1,0.04,0.0,0.0,0.0
45,30,0.25625,0.16618419750385413,0.2658686504522012,-0.6381567233304453,0.13,0.24,0.27,0.21,0.11,0.04,0.0,0.0,0.0
46,30,0.24875,0.17983933802146848,0.9241444249509071,0.9535295320056374,0.12,0.31,0.26,0.17,0.09,0.02,0.02,0.01,0.0
47,30,0.29375,0.1671217744640117,0.07123903778414095,-0.5266213506772934,0.09,0.2,0.23,0.28,0.16,0.03,0.01,0.0,0.0
48,30,0.2675,0.17140959716421947,0.32866858400711846,-0.3857075583179821,0.12,0.23,0.26,0.23,0.11,0.04,0.01,0.0,0.0
49,30,0.27375,0.16742069017896208,0.2499775450543844,-0.5315482346677465,0.1,0.24,0.26,0.21,0.16,0.02,0.01,0.0,0.0
50,30,0.24125,0.1632243471422079,0.31817228999358155,-0.5860617666091499,0.15,0.25,0.28,0.19,0.1,0.03,0.0,0.0,0.0
51,30,0.29625,0.17558384749173256,0.558966171715831,-0.046657049247917026,0.07,0.19,0.37,0.15,0.14,0.05,0.03,0.0,0.0
52,30,0.2775,0.1557040461902002,0.32353107004595677,-0.5589184988197697,0.06,0.25,0.32,0.19,0.14,0.04,0.0,0.0,0.0
53,30,0.23125,0.16618419750385413,0.5569517347408044,-0.37004375321347105,0.15,0.3,0.28,0.13,0.1,0.04,0.0,0.0,0.0
54,30,0.26375,0.17579729093475815,0.4299430025630028,-0.4233622266220718,0.12,0.26,0.25,0.2,0.11,0.05,0.01,0.0,0.0
55,30,0.24375,0.16044372066241794,0.2635190051466434,-0.6801264618990932,0.14,0.25,0.29,0.18,0.12,0.02,0.0,0.0,0.0
56,30,0.22875,0.1551763110142782,0.4499801548760914,-0.2853214057338809,0.14,0.3,0.27,0.2,0.06,0.03,0.0,0.0,0.0
57,30,0.23375,0.1485923534371806,0.35915200882762305,-0.455922540984405,0.12,0.28,0.34,0.14,0.11,0.01,0.0,0.0,0.0
58,30,0.27125,0.17144149876853035,0.4130738819425124,-0.28184619824868173,0.1,0.26,0.23,0.27,0.07,0.06,0.01,0.0,0.0
59,30,0.2775,0.15670433944214815,0.3715822873316164,-0.36145178340848894,0.06,0.26,0.28,0.26,0.08,0.06,0.0,0.0,0.0
60,30,0.23125,0.15142551799482146,0.6940008474860538,0.7294736322768456,0.12,0.28,0.36,0.15,0.06,0.02,0.01,0.0,0.0
61,30,0.23875,0.16402648414204335,0.5114597101338716,-0.4831591359123837,0.12,0.34,0.22,0.19,0.09,0.04,0.0,0.0,0.0
62,30,0.24625,0.14518845511954456,0.020067773779369604,-0.8756389318721074,0.11,0.26,0.28,0.25,0.1,0.0,0.0,0.0,0.0
63,30,0.245,0.15301143748099355,0.17439522082112857,-0.6586556537687178,0.12,0.28,0.23,0.28,0.07,0.02,0.0,0.0,0.0
64,30,0.24125,0.15836567652114517,0.072491250004694,-0.8869057382552405,0.16,0.23,0.25,0.25,0.1,0.01,0.0,0.0,0.0
65,30,0.27125,0.18545130762547887,0.4968576765492595,-0.5924543520797863,0.11,0.28,0.25,0.15,0.12,0.08,0.01,0.0,0.0
66,30,0.2725,0.1614194845735793,-0.14225259825138004,-0.7434090303529333,0.14,0.15,0.27,0.29,0.13,0.02,0.0,0.0,0.0
67,30,0.25125,0.15359748533097797,0.43372334952010544,-0.35199963175684745,0.09,0.28,0.33,0.16,0.11,0.03,0.0,0.0,0.0
68,30,0.24125,0.1460468674775327,0.5874885135298554,0.30142878446111165,0.09,0.28,0.37,0.17,0.05,0.04,0.0,0.0,0.0
69,30,0.24625,0.14301988498107526,0.6995813538573149,0.2144097339786959,0.05,0.35,0.31,0.2,0.05,0.04,0.0,0.0,0.0
70,30,0.26,0.17109938632268676,0.5809244420948119,0.695121426503436,0.12,0.26,0.22,0.28,0.09,0.01,0.01,0.01,0.0
71,30,0.24625,0.18578801764376518,0.8737439314815035,0.29957507155439833,0.14,0.28,0.33,0.08,0.09,0.05,0.03,0.0,0.0
72,30,0.26875,0.16618419750385416,0.3622580051179446,-0.40077303345610504,0.09,0.28,0.23,0.24,0.12,0.03,0.01,0.0,0.0
73,30,0.26375,0.16094933208932555,0.5535017750070924,0.3869944690057707,0.09,0.25,0.3,0.24,0.08,0.02,0.02,0.0,0.0
74,30,0.26125,0.15113632091592016,0.33637036612906546,-0.14346649931869093,0.09,0.22,0.36,0.21,0.08,0.04,0.0,0.0,0.0
75,30,0.24625,0.13282389656985674,-0.04030266781979406,-0.6169278655862094,0.09,0.24,0.35,0.25,0.07,0.0,0.0,0.0,0.0
76,30,0.28,0.18801595676963165,0.32831860795234735,-0.4245662189981365,0.15,0.17,0.26,0.24,0.09,0.07,0.02,0.0,0.0
77,30,0.25625,0.14183507147387772,0.3126494719068262,-0.40637948911301747,0.06,0.3,0.29,0.25,0.08,0.02,0.0,0.0,0.0
78,30,0.2325,0.1531135199778256,0.23555321766018464,-0.7498226901334264,0.14,0.29,0.25,0.22,0.09,0.01,0.0,0.0,0.0
79,30,0.2175,0.15970676253684438,0.3216505143375347,-0.7292216228335295,0.2,0.25,0.28,0.16,0.1,0.01,0.0,0.0,0.0
80,30,0.26,0.16926310879810758,0.6039035151443312,-0.43917153221311533,0.08,0.32,0.29,0.13,0.11,0.07,0.0,0.0,0.0
81,30,0.26375,0.15298590621361172,0.41148648161943113,-0.009772437002964374,0.07,0.29,0.25,0.28,0.08,0.02,0.01,0.0,0.0
82,30,0.25625,0.1554981913078091,0.40401178463035226,0.07807162002396018,0.1,0.25,0.3,0.24,0.08,0.02,0.01,0.0,0.0
83,30,0.28625,0.14821331755277595,0.6493628398107261,1.4915706486277474,0.05,0.18,0.39,0.24,0.11,0.02,0.0,0.01,0.0
84,30,0.285,0.16209565077447327,0.378560358267745,-0.22811947481488737,0.07,0.21,0.34,0.19,0.14,0.04,0.01,0.0,0.0
85,30,0.25375,0.1504732119016538,0.2519792052777054,-0.5668127382299475,0.09,0.28,0.28,0.23,0.1,0.02,0.0,0.0,0.0
86,30,0.24375,0.17173289580042606,0.5527026030781627,0.028170694267796392,0.16,0.22,0.32,0.18,0.06,0.05,0.01,0.0,0.0
87,30,0.27,0.15783694117664598,0.3827617816874673,-0.4347048588776232,0.07,0.27,0.29,0.22,0.1,0.05,0.0,0.0,0.0
88,30,0.23625,0.16853690248725947,0.4941678678482189,-0.2189152526188738,0.16,0.27,0.26,0.18,0.1,0.02,0.01,0.0,0.0
89,30,0.25375,0.17893347227391526,0.6632825311153379,0.2593675183950488,0.13,0.28,0.26,0.16,0.12,0.04,0.0,0.01,0.0
90,30,0.255,0.14352700094407325,0.1596820749380726,-0.3370605146573671,0.09,0.24,0.32,0.26,0.07,0.02,0.0,0.0,0.0
91,30,0.27625,0.15741565201719937,0.5015221935085881,-0.18217037898705168,0.06,0.24,0.35,0.2,0.08,0.07,0.0,0.0,0.0
92,30,0.26625,0.16831425221887777,0.2788170229041831,-0.745312597167525,0.11,0.24,0.3,0.15,0.16,0.04,0.0,0.0,0.0
93,30,0.2675,0.16865274975522931,0.5018835115408845,-0.0019122616353994815,0.1,0.24,0.31,0.18,0.13,0.02,0.02,0.0,0.0
94,30,0.2325,0.17049560111627513,0.49028655380097846,-0.446602018944239,0.17,0.28,0.24,0.19,0.07,0.05,0.0,0.0,0.0
95,30,0.24875,0.15154929066148742,1.0965151977265164,1.937171293900084,0.05,0.34,0.35,0.14,0.09,0.02,0.0,0.01,0.0
96,30,0.25875,0.16226425207050382,0.08950413829737289,-0.8357176394256665,0.13,0.23,0.25,0.24,0.13,0.02,0.0,0.0,0.0
97,30,0.24625,0.16812848509398995,0.4244648298654767,-0.10216098951602204,0.16,0.2,0.33,0.18,0.09,0.03,0.01,0.0,0.0
98,30,0.23125,0.15142551799482146,0.4577452398312268,-0.44625604740995284,0.11,0.35,0.24,0.2,0.08,0.02,0.0,0.0,0.0
99,30,0.2425,0.15594470173750696,0.05169082182346785,-0.7747277538046711,0.16,0.2,0.3,0.23,0.1,0.01,0.0,0.0,0.0
0,40,0.2925,0.18559027452967466,1.1281076789043463,1.7570399854519678,0.04,0.3,0.26,0.22,0.11,0.03,0.02,0.01,0.01
1,40,0.2575,0.141222342424986,0.09017165674164164,-0.5563365156291473,0.08,0.25,0.31,0.26,0.09,0.01,0.0,0.0,0.0
2,40,0.29125,0.1750491002547571,0.20848845630453974,-0.4047879333189628,0.11,0.16,0.32,0.17,0.2,0.02,0.02,0.0,0.0
3,40,0.24875,0.16723393046867013,0.5694755090776226,-0.2521276861491102,0.1,0.35,0.2,0.21,0.1,0.03,0.01,0.0,0.0
4,40,0.2625,0.1663016836956259,0.6828513067957901,0.393182035813461,0.09,0.26,0.32,0.2,0.07,0.04,0.02,0.0,0.0
5,40,0.2325,0.13921655792325852,0.060596156927625294,-0.6077978195339289,0.13,0.23,0.37,0.19,0.08,0.0,0.0,0.0,0.0
6,40,0.25125,0.1576140460111344,0.3403470026958195,-0.10348679552474405,0.12,0.24,0.3,0.22,0.1,0.01,0.01,0.0,0.0
7,40,0.245,0.1648104972384951,0.3615414493939295,-0.6784195611581643,0.13,0.29,0.25,0.18,0.12,0.03,0.0,0.0,0.0
8,40,0.27625,0.16230276491791507,0.45619803837035694,-0.015358509874757065,0.08,0.22,0.33,0.22,0.09,0.05,0.01,0.0,0.0
9,40,0.26875,0.1680541207468594,0.3922738473864815,0.06500117651785109,0.12,0.19,0.32,0.22,0.11,0.02,0.02,0.0,0.0
10,40,0.265,0.1523564898519259,0.0019086262727395437,-0.8025547137278242,0.1,0.23,0.27,0.26,0.13,0.01,0.0,0.0,0.0
11,40,0.25875,0.1697930725913163,0.9983658716047982,0.5997942464949881,0.05,0.37,0.29,0.13,0.1,0.03,0.03,0.0,0.0
12,40,0.27875,0.15396326672294272,0.19856028880554166,-0.2782658029359779,0.08,0.2,0.31,0.28,0.08,0.05,0.0,0.0,0.0
13,40,0.2375,0.16153559979150106,0.492095971827098,0.08526659256337599,0.15,0.24,0.32,0.18,0.08,0.02,0.01,0.0,0.0
14,40,0.27125,0.192073390921283,0.8050984354989407,0.35680978021425114,0.11,0.27,0.28,0.15,0.11,0.04,0.03,0.01,0.0
15,40,0.27125,0.14796008752362916,0.42842644965386506,0.3534304828886823,0.07,0.2,0.39,0.21,0.1,0.02,0.01,0.0,0.0
16,40,0.2275,0.16044858989720043,0.4518240861795758,-0.38942021120747583,0.16,0.28,0.28,0.17,0.08,0.03,0.0,0.0,0.0
17,40,0.23375,0.16264897017811086,0.4595933021538687,-0.01926529641283148,0.16,0.26,0.26,0.23,0.06,0.02,0.01,0.0,0.0
18,40,0.24875,0.1595844212321491,0.45120819028421405,0.02140197855808923,0.12,0.25,0.31,0.2,0.09,0.02,0.01,0.0,0.0
19,40,0.275,0.18027756377319948,0.40802466356951905,-0.35576923076923217,0.12,0.22,0.28,0.18,0.14,0.04,0.02,0.0,0.0
20,40,0.23875,0.17508480088231532,0.6842970092380606,0.09467016213897805,0.16,0.25,0.32,0.14,0.06,0.06,0.01,0.0,0.0
21,40,0.2575,0.17483921184905862,0.6825034095439255,0.017503389470083786,0.1,0.31,0.26,0.17,0.1,0.04,0.02,0.0,0.0
22,40,0.25625,0.15039011769394955,-0.027131509326514116,-0.48110463815583415,0.13,0.18,0.31,0.29,0.07,0.02,0.0,0.0,0.0
23,40,0.2675,0.1531135199778256,0.22150203337133034,-0.31911909601143673,0.09,0.22,0.31,0.26,0.08,0.04,0.0,0.0,0.0
24,40,0.2425,0.1637643123516232,0.4843587105956832,-0.30338254380228635,0.12,0.32,0.23,0.19,0.12,0.01,0.01,0.0,0.0
25,40,0.235,0.149248115565993,0.30252653429014686,-0.5772729162179218,0.12,0.29,0.3,0.18,0.1,0.01,0.0,0.0,0.0
26,40,0.2575,0.1508517484154559,0.08968573681179273,-0.5339706979341523,0.11,0.22,0.3,0.26,0.09,0.02,0.0,0.0,0.0
27,40,0.27625,0.18053306483854972,0.26775022023368705,-0.5870800506150928,0.13,0.22,0.22,0.25,0.11,0.06,0.01,0.0,0.0
28,40,0.235,0.16132265804901677,0.6984320245243502,0.27894647963745944,0.12,0.32,0.28,0.17,0.07,0.03,0.01,0.0,0.0
29,40,0.2075,0.1622305458290762,0.42879863448578304,-0.556329582240449,0.23,0.25,0.26,0.17,0.07,0.02,0.0,0.0,0.0
30,40,0.25625,0.1594668852771634,0.4555067888964943,0.02648884735996404,0.1,0.27,0.27,0.25,0.07,0.03,0.01,0.0,0.0
31,40,0.24625,0.17271273114625918,0.6451745710881531,0.0795473148310255,0.14,0.25,0.32,0.16,0.06,0.06,0.01,0.0,0.0
32,40,0.25125,0.17809319891562395,0.45956436541967727,-0.39457988679372,0.16,0.22,0.31,0.13,0.13,0.04,0.01,0.0,0.0
33,40,0.26375,0.15997558407457058,0.22333926646095018,-0.22484615136789676,0.13,0.15,0.38,0.21,0.08,0.05,0.0,0.0,0.0
34,40,0.235,0.16796577032240825,0.7879477445624349,0.9940679801077699,0.15,0.26,0.33,0.13,0.1,0.02,0.0,0.01,0.0
35,40,0.25,0.16863421954040053,0.537609394501458,0.01292114478927564,0.12,0.3,0.22,0.23,0.1,0.01,0.02,0.0,0.0
36,40,0.25375,0.18324761253560712,0.5765850482290574,-0.21986707787973092,0.14,0.3,0.18,0.24,0.07,0.05,0.02,0.0,0.0
37,40,0.23125,0.15449008867885344,0.2864340869652525,-0.7423263089941368,0.14,0.3,0.25,0.2,0.1,0.01,0.0,0.0,0.0
38,40,0.245,0.15198684153570666,0.2767455911754483,-0.5360375555180772,0.11,0.28,0.28,0.22,0.09,0.02,0.0,0.0,0.0
39,40,0.26125,0.1794914691566148,0.6324611892340375,0.4942594713407611,0.14,0.21,0.31,0.18,0.11,0.03,0.01,0.01,0.0
40,40,0.25875,0.17700194207974104,0.3411411679156819,-0.49284728908616326,0.15,0.23,0.24,0.22,0.11,0.04,0.01,0.0,0.0
41,40,0.24625,0.18662713495094974,0.9346656070463109,0.8783816792155901,0.14,0.31,0.23,0.18,0.09,0.01,0.03,0.01,0.0
42,40,0.2425,0.1529092868337303,0.34393082074100856,-0.29424524231049665,0.12,0.26,0.31,0.21,0.07,0.03,0.0,0.0,0.0
43,40,0.255,0.14781745499094484,0.1040888953699673,-0.40272374050238646,0.11,0.21,0.33,0.25,0.08,0.02,0.0,0.0,0.0
44,40,0.2675,0.16957667882111618,0.41826541014170954,-0.34921988789279235,0.1,0.26,0.27,0.2,0.12,0.04,0.01,0.0,0.0
45,40,0.24875,0.17001378620570745,0.423477421711652,-0.5186477587974521,0.14,0.25,0.3,0.15,0.11,0.05,0.0,0.0,0.0
46,40,0.24375,0.16618419750385413,1.266147582645715,3.4334729088184632,0.1,0.3,0.32,0.18,0.07,0.01,0.01,0.0,0.01
47,40,0.27875,0.15597976631601934,0.2076336503207587,-0.36784501484126864,0.08,0.21,0.3,0.27,0.09,0.05,0.0,0.0,0.0
48,40,0.27375,0.1597801223556923,0.0726917386877005,-0.7077669261792363,0.1,0.22,0.26,0.26,0.13,0.03,0.0,0.0,0.0
49,40,0.29,0.1657181341917655,0.2746353748463575,-0.4522095239318564,0.08,0.19,0.32,0.23,0.1,0.08,0.0,0.0,0.0
50,40,0.23625,0.16946146317083424,0.36836912084368945,-0.7736690579511181,0.16,0.3,0.2,0.2,0.11,0.03,0.0,0.0,0.0
51,40,0.265,0.16889345754054538,0.6328634905341133,-0.23574428077527987,0.07,0.32,0.28,0.15,0.12,0.05,0.01,0.0,0.0
52,40,0.265,0.16324827717314508,0.3161657160279503,-0.5131631284562235,0.1,0.25,0.28,0.22,0.1,0.05,0.0,0.0,0.0
53,40,0.2425,0.16566155257029316,0.548328430975327,-0.5142548206173787,0.11,0.34,0.25,0.14,0.12,0.04,0.0,0.0,0.0
54,40,0.25875,0.17700194207974104,0.19321492231169188,-0.7919200731665748,0.17,0.19,0.26,0.21,0.12,0.05,0.0,0.0,0.0
55,40,0.25125,0.15860229348909177,0.3337307447132819,-0.7228890949653515,0.1,0.3,0.27,0.17,0.14,0.02,0.0,0.0,0.0
56,40,0.2475,0.17137313091613865,0.3619786312620738,-0.8855558777589421,0.13,0.32,0.2,0.17,0.15,0.03,0.0,0.0,0.0
57,40,0.23,0.1538262006291516,0.49956558400630674,-0.18210640084454832,0.13,0.3,0.3,0.17,0.07,0.03,0.0,0.0,0.0
58,40,0.27,0.16837458240482736,0.19844265052051244,-0.7247417485512724,0.12,0.2,0.32,0.16,0.16,0.04,0.0,0.0,0.0
59,40,0.2825,0.15970676253684438,0.19617551403929273,-0.8805315252680632,0.06,0.27,0.26,0.2,0.18,0.03,0.0,0.0,0.0
60,40,0.25375,0.16245672500699995,0.5457039521706479,0.062370652639998525,0.1,0.29,0.26,0.24,0.06,0.04,0.01,0.0,0.0
61,40,0.2275,0.16990806337546197,0.399595902481255,-0.7612300652430051,0.19,0.26,0.27,0.12,0.14,0.02,0.0,0.0,0.0
62,40,0.23125,0.1482976314713084,0.25556473413768355,-0.851887724036104,0.12,0.32,0.26,0.19,0.11,0.0,0.0,0.0,0.0
63,40,0.2425,0.15594470173750696,0.4534009388159836,-0.2516060727293712,0.11,0.3,0.27,0.22,0.06,0.04,0.0,0.0,0.0
64,40,0.23125,0.1594668852771634,0.2821180032737204,-0.7871760566869828,0.15,0.32,0.17,0.27,0.07,0.02,0.0,0.0,0.0
65,40,0.29625,0.18426797741333137,0.695249716110422,0.06838065991280162,0.06,0.24,0.35,0.09,0.18,0.05,0.02,0.01,0.0
66,40,0.26625,0.15376016226578326,0.2351630836348648,-0.34930752428067935,0.09,0.23,0.3,0.26,0.08,0.04,0.0,0.0,0.0
67,40,0.27125,0.15717724867168276,0.5224707650460717,-0.06038827003026981,0.06,0.27,0.32,0.19,0.12,0.03,0.01,0.0,0.0
68,40,0.24625,0.14626068337048068,0.35783949914756297,-0.5718571028885231,0.08,0.31,0.31,0.17,0.12,0.01,0.0,0.0,0.0
69,40,0.2475,0.155100773692461,0.41478576547037993,-0.19887584045172124,0.11,0.26,0.32,0.2,0.07,0.04,0.0,0.0,0.0
70,40,0.26375,0.18531645231872965,0.43682096466433457,-0.27082390051805394,0.15,0.25,0.18,0.26,0.11,0.02,0.03,0.0,0.0
71,40,0.25875,0.18729572205472286,0.9150426223326392,0.6905413921576797,0.12,0.27,0.31,0.15,0.06,0.06,0.02,0.01,0.0
72,40,0.27125,0.16682232314651418,0.4445595432729715,0.045643840264006474,0.09,0.27,0.21,0.31,0.07,0.03,0.02,0.0,0.0
73,40,0.27875,0.17487048779025008,0.44100536771169996,-0.265138046517555,0.09,0.26,0.24,0.23,0.12,0.04,0.02,0.0,0.0
74,40,0.26625,0.15171416380812963,0.25353132510569293,-0.33430127518289776,0.09,0.2,0.38,0.18,0.12,0.03,0.0,0.0,0.0
75,40,0.24,0.15276616117452188,0.6787524909256265,0.29879056909552304,0.1,0.28,0.38,0.13,0.06,0.05,0.0,0.0,0.0
76,40,0.29,0.1703672503740082,0.49922552251004165,0.17339591860353787,0.06,0.27,0.22,0.27,0.12,0.05,0.0,0.01,0.0
77,40,0.235,0.1523564898519259,0.16377073768036576,-0.9004247996708088,0.14,0.27,0.28,0.19,0.12,0.0,0.0,0.0,0.0
78,40,0.245,0.1580348062927911,0.372062333470149,-0.45391337283229305,0.12,0.27,0.3,0.18,0.1,0.03,0.0,0.0,0.0
79,40,0.2225,0.1576982878791016,0.35912613280154215,-0.48537341778188337,0.18,0.25,0.3,0.17,0.08,0.02,0.0,0.0,0.0
80,40,0.25375,0.18153425985196295,0.5550632881026452,-0.17317095820641848,0.15,0.25,0.26,0.18,0.1,0.04,0.02,0.0,0.0
81,40,0.24625,0.17180566783432963,0.5623207593668385,0.6694056481611561,0.17,0.19,0.31,0.22,0.07,0.03,0.0,0.01,0.0
82,40,0.26125,0.15721700766774568,0.3730163207957279,-0.67988350626859,0.07,0.32,0.25,0.2,0.13,0.03,0.0,0.0,0.0
83,40,0.26,0.1486186394770185,0.4880256718164062,1.5155198637922354,0.09,0.23,0.3,0.3,0.07,0.0,0.0,0.01,0.0
84,40,0.2925,0.1725,0.17435138763321587,-0.3688261072061154,0.1,0.19,0.25,0.25,0.17,0.02,0.02,0.0,0.0
85,40,0.265,0.15337861650177967,0.5825741047864783,0.614342939035394,0.07,0.26,0.31,0.25,0.08,0.01,0.02,0.0,0.0
86,40,0.2475,0.17137313091613868,0.8276538117052287,0.3644100991635124,0.1,0.33,0.28,0.15,0.08,0.04,0.02,0.0,0.0
87,40,0.265,0.15640492319617053,0.6915248735564753,0.06567647967321832,0.04,0.35,0.25,0.23,0.08,0.04,0.01,0.0,0.0
88,40,0.24625,0.1662593982305963,0.4374119202030382,-0.21253976812027853,0.14,0.25,0.29,0.18,0.11,0.02,0.01,0.0,0.0
89,40,0.26125,0.17686064429374895,0.7727413941182625,0.27494693767880074,0.09,0.32,0.24,0.21,0.07,0.04,0.03,0.0,0.0
90,40,0.24625,0.15355678916934934,0.154189603132736,-0.4812528026414671,0.14,0.2,0.34,0.21,0.09,0.02,0.0,0.0,0.0
91,40,0.2725,0.15650479225889538,0.2688466214461683,-0.38163510240314835,0.09,0.19,0.38,0.17,0.13,0.04,0.0,0.0,0.0
92,40,0.265,0.16889345754054538,0.19502361177457966,-0.8003120100838723,0.12,0.25,0.23,0.23,0.13,0.04,0.0,0.0,0.0
93,40,0.285,0.17596164354767777,0.33465105066395157,-0.2607841964401132,0.1,0.23,0.21,0.3,0.09,0.05,0.02,0.0,0.0
94,40,0.23875,0.167793585991837,0.38748573078864446,-0.628537097910915,0.16,0.25,0.3,0.13,0.13,0.03,0.0,0.0,0.0
95,40,0.245,0.15504031733713652,0.516045127397636,0.04341646364762575,0.1,0.3,0.29,0.19,0.1,0.01,0.01,0.0,0.0
96,40,0.2475,0.14788086421170255,0.47347962908827385,0.19537644405975163,0.1,0.23,0.4,0.17,0.06,0.04,0.0,0.0,0.0
97,40,0.26,0.1636306817195357,0.38705047652302255,-0.32452719649951467,0.1,0.28,0.25,0.22,0.12,0.02,0.01,0.0,0.0
98,40,0.2325,0.15208961174255128,0.5021641656562384,0.08089812074568137,0.13,0.27,0.33,0.19,0.04,0.04,0.0,0.0,0.0
99,40,0.24125,0.1583656765211452,0.27902743382693124,-0.7015269117520422,0.13,0.29,0.24,0.22,0.1,0.02,0.0,0.0,0.0
0,50,0.295,0.176351920885484,0.5853494050027769,0.29872261453045246,0.07,0.22,0.29,0.23,0.11,0.06,0.01,0.01,0.0
1,50,0.27375,0.14968195449017896,0.015036414853087451,-0.6369995978880505,0.08,0.23,0.26,0.3,0.11,0.02,0.0,0.0,0.0
2,50,0.29125,0.163988376112455,0.039936700183752415,-0.6589767761348053,0.09,0.19,0.26,0.27,0.14,0.05,0.0,0.0,0.0
3,50,0.22875,0.1551763110142782,0.4813422465324376,-0.5207751070161692,0.12,0.36,0.22,0.19,0.09,0.02,0.0,0.0,0.0
4,50,0.25375,0.17540577955130215,0.5112871611235814,-0.18626844727681968,0.13,0.29,0.21,0.22,0.11,0.02,0.02,0.0,0.0
5,50,0.2475,0.15710267343364978,0.3398944621611409,-0.3267224342578574,0.12,0.26,0.28,0.24,0.06,0.04,0.0,0.0,0.0
6,50,0.25375,0.18153425985196292,0.4962972046428669,-0.30319807747080896,0.15,0.27,0.21,0.21,0.11,0.03,0.02,0.0,0.0
7,50,0.25,0.16007810593582122,0.5427990504664966,0.06365258774538907,0.1,0.3,0.26,0.23,0.07,0.03,0.01,0.0,0.0
8,50,0.29125,0.17144149876853035,0.22937076078902838,-0.4317386449074516,0.09,0.21,0.24,0.28,0.11,0.06,0.01,0.0,0.0
9,50,0.27625,0.17256792141067237,0.23564429756831692,-0.5325403786647516,0.11,0.24,0.21,0.27,0.12,0.04,0.01,0.0,0.0
10,50,0.25875,0.1632243471422079,0.08604764495155437,-1.0442084173640036,0.12,0.27,0.21,0.23,0.16,0.01,0.0,0.0,0.0
11,50,0.2475,0.17498214194597117,0.6480059392187739,0.1086988396472175,0.14,0.26,0.3,0.15,0.1,0.03,0.02,0.0,0.0
12,50,0.265,0.15337861650177964,0.3552293801017185,0.12096702244317248,0.09,0.22,0.33,0.24,0.09,0.02,0.01,0.0,0.0
13,50,0.2325,0.15413062641798353,0.491439359677794,-0.4750342980817379,0.11,0.35,0.25,0.17,0.1,0.02,0.0,0.0,0.0
14,50,0.26625,0.18084437370291617,0.5453709911664641,-0.16080684497813502,0.12,0.26,0.24,0.23,0.07,0.06,0.02,0.0,0.0
15,50,0.26375,0.15298590621361172,0.41148648161943097,-0.22370436041528263,0.06,0.32,0.23,0.26,0.11,0.01,0.01,0.0,0.0
16,50,0.20875,0.1630327804461422,0.6805964167776185,-0.24927842804574807,0.18,0.36,0.21,0.14,0.08,0.03,0.0,0.0,0.0
17,50,0.2575,0.1608765054319617,0.5073780729041204,0.20907621180716163,0.11,0.22,0.35,0.2,0.07,0.04,0.01,0.0,0.0
18,50,0.26,0.1710993863226867,0.3469675013710172,-0.7542955614658533,0.11,0.3,0.21,0.21,0.12,0.05,0.0,0.0,0.0
19,50,0.2725,0.17354754391808605,0.2590438417008808,-0.447258015530541,0.12,0.24,0.19,0.31,0.08,0.05,0.01,0.0,0.0
20,50,0.255,0.1853375299285064,0.6307976608647095,0.014695880449771881,0.16,0.21,0.33,0.12,0.12,0.03,0.03,0.0,0.0
21,50,0.26375,0.16853690248725944,0.5584354182511316,-0.16299591896890275,0.09,0.28,0.29,0.18,0.1,0.05,0.01,0.0,0.0
22,50,0.245,0.1676305461424021,0.32170709446504303,-0.40685116703182667,0.17,0.19,0.32,0.2,0.07,0.05,0.0,0.0,0.0
23,50,0.2425,0.17213729985102008,0.452442924217718,-0.3020848659129709,0.16,0.26,0.24,0.21,0.09,0.03,0.01,0.0,0.0
24,50,0.24625,0.1504732119016538,0.6079124301449224,0.4903850881656062,0.09,0.28,0.34,0.19,0.07,0.02,0.01,0.0,0.0
25,50,0.23,0.16271140095272982,0.24365774075531757,-0.8672781794787436,0.18,0.25,0.26,0.18,0.12,0.01,0.0,0.0,0.0
26,50,0.26875,0.16333917931714975,0.23227273953260336,-0.16416678635509108,0.12,0.19,0.29,0.27,0.09,0.03,0.01,0.0,0.0
27,50,0.27375,0.17914292478353702,0.29638462796409126,-0.6340471628811861,0.12,0.25,0.21,0.23,0.13,0.05,0.01,0.0,0.0
28,50,0.26375,0.1619172242227491,0.982292975556937,1.4430219455502487,0.06,0.28,0.37,0.14,0.11,0.02,0.01,0.01,0.0
29,50,0.22375,0.17074743775529985,0.3589080211822798,-0.7531048385432482,0.21,0.26,0.2,0.22,0.08,0.03,0.0,0.0,0.0
30,50,0.255,0.16669583078169653,0.9135243577496036,1.5076203086004902,0.09,0.3,0.27,0.23,0.08,0.0,0.02,0.01,0.0
31,50,0.24875,0.16153076332389446,0.3522361233714251,-0.3250043415683761,0.12,0.29,0.22,0.25,0.1,0.01,0.01,0.0,0.0
32,50,0.255,0.16856007831037573,0.6613690707003893,0.07963779938136417,0.09,0.33,0.24,0.19,0.11,0.02,0.02,0.0,0.0
33,50,0.28375,0.17840876519947105,0.17893978945293193,-0.7608984552495439,0.12,0.2,0.25,0.23,0.12,0.08,0.0,0.0,0.0
34,50,0.2225,0.14315638302220404,1.1559090227756588,1.8042448730408145,0.07,0.4,0.33,0.13,0.03,0.03,0.01,0.0,0.0
35,50,0.26375,0.18018653529051498,0.6687068090040027,0.49672400387041415,0.12,0.27,0.21,0.28,0.05,0.05,0.01,0.01,0.0
36,50,0.2475,0.178518206354422,0.6531014977332917,0.29504818133031074,0.16,0.23,0.29,0.19,0.08,0.02,0.03,0.0,0.0
37,50,0.22125,0.1589565585309395,0.14489766775288043,-0.8936762407181087,0.21,0.22,0.25,0.24,0.07,0.01,0.0,0.0,0.0
38,50,0.26625,0.16644725140416108,0.34573771676670506,-0.14192690167687338,0.12,0.2,0.31,0.23,0.09,0.04,0.01,0.0,0.0
39,50,0.2725,0.1797393946801869,0.40956956904201336,-0.5063471045465366,0.11,0.27,0.21,0.24,0.09,0.07,0.01,0.0,0.0
40,50,0.27375,0.17826858248160274,0.3667523792256457,-0.597231094896371,0.11,0.25,0.26,0.17,0.15,0.05,0.01,0.0,0.0
41,50,0.2675,0.1862625834675338,0.793287950467448,0.7298203802924554,0.13,0.21,0.32,0.19,0.08,0.03,0.03,0.01,0.0
42,50,0.26125,0.15319003720869057,0.3823506376563852,-0.18775589936658355,0.08,0.27,0.28,0.27,0.05,0.05,0.0,0.0,0.0
43,50,0.22875,0.15816822531722355,0.38079707858825856,0.16601100796041468,0.18,0.22,0.28,0.27,0.02,0.02,0.01,0.0,0.0
44,50,0.26875,0.16990346523835234,0.5635811941833038,0.0032703375259317546,0.09,0.26,0.3,0.18,0.12,0.03,0.02,0.0,0.0
45,50,0.26,0.16647071814586492,0.25987251221485336,-0.6871511380567066,0.12,0.25,0.26,0.21,0.12,0.04,0.0,0.0,0.0
46,50,0.26625,0.17379495821225657,0.45908845473902,-0.293976512640731,0.1,0.3,0.2,0.23,0.13,0.02,0.02,0.0,0.0
47,50,0.28375,0.15895655853093954,0.03912975216435162,-0.5944807198830868,0.09,0.2,0.26,0.29,0.12,0.04,0.0,0.0,0.0
48,50,0.27375,0.16268739195155843,0.16221377006791846,-0.8217633404383364,0.09,0.25,0.26,0.21,0.16,0.03,0.0,0.0,0.0
49,50,0.2875,0.16909686573085853,0.22055454313726638,-0.5548687628773621,0.08,0.25,0.21,0.27,0.14,0.04,0.01,0.0,0.0
50,50,0.24,0.16740669042783207,0.2710045512897788,-0.5693519469761052,0.18,0.21,0.27,0.23,0.07,0.04,0.0,0.0,0.0
51,50,0.28625,0.17256792141067237,0.5425243791417491,0.16186605773631202,0.07,0.25,0.28,0.2,0.14,0.05,0.0,0.01,0.0
52,50,0.2675,0.17140959716421947,0.18905517326553548,-0.6001930097562371,0.14,0.19,0.27,0.25,0.09,0.06,0.0,0.0,0.0
53,50,0.25375,0.17629432066859102,0.4601779885270417,-0.41582333839580565,0.14,0.26,0.26,0.17,0.12,0.04,0.01,0.0,0.0
54,50,0.2625,0.1615355997915011,0.5087771912110667,-0.13847753594607282,0.08,0.29,0.28,0.2,0.11,0.03,0.01,0.0,0.0
55,50,0.25625,0.1788636002656773,0.5470536498351016,-0.3334809268875185,0.13,0.27,0.27,0.16,0.1,0.06,0.01,0.0,0.0
56,50,0.24125,0.15737594320606946,0.5828739170828989,-0.39344697762884273,0.09,0.35,0.28,0.13,0.12,0.03,0.0,0.0,0.0
57,50,0.2425,0.1637643123516232,0.6177702808756629,-0.15674447409369696,0.11,0.32,0.27,0.18,0.06,0.06,0.0,0.0,0.0
58,50,0.28,0.17599715906798044,0.3865212071763646,-0.35467953340486025,0.11,0.19,0.33,0.18,0.11,0.07,0.01,0.0,0.0
59,50,0.27,0.1665082580534671,0.46716177844790946,0.1570997519272197,0.1,0.23,0.28,0.26,0.08,0.03,0.02,0.0,0.0
60,50,0.2375,0.17001838135919303,0.5150476487749053,-0.2338056975894811,0.16,0.26,0.29,0.14,0.12,0.02,0.01,0.0,0.0
61,50,0.24375,0.18317938612191054,0.6775453426159613,-0.18453653095824318,0.14,0.35,0.16,0.2,0.09,0.04,0.02,0.0,0.0
62,50,0.2425,0.15990231392947382,0.3414529701154702,-0.27531122356274906,0.15,0.21,0.34,0.19,0.07,0.04,0.0,0.0,0.0
63,50,0.25625,0.16333917931714975,0.47227669904964925,-0.47779476043379354,0.09,0.31,0.26,0.19,0.1,0.05,0.0,0.0,0.0
64,50,0.24625,0.1595452522013739,0.28694265862334895,-0.7344104126155213,0.12,0.29,0.25,0.2,0.12,0.02,0.0,0.0,0.0
65,50,0.285,0.19290541723860427,0.4074410277479474,-0.6487481169314084,0.12,0.23,0.26,0.15,0.14,0.08,0.02,0.0,0.0
66,50,0.28375,0.1508879965404803,-0.15347002116796635,-0.8056661970839687,0.08,0.21,0.24,0.31,0.15,0.01,0.0,0.0,0.0
67,50,0.26,0.17471405209656146,0.3847634830564966,-0.4561492473040376,0.13,0.26,0.23,0.22,0.11,0.04,0.01,0.0,0.0
68,50,0.235,0.1543939765664451,0.3879029527161671,-0.3366475565829963,0.13,0.29,0.27,0.22,0.06,0.03,0.0,0.0,0.0
69,50,0.25625,0.1429324578253659,0.5442876187566995,0.3269635029558091,0.07,0.23,0.43,0.16,0.07,0.04,0.0,0.0,0.0
70,50,0.2675,0.19285681216902864,0.5329963021810357,-0.04507787665249374,0.15,0.26,0.17,0.23,0.14,0.02,0.02,0.01,0.0
71,50,0.25625,0.1814653892619747,0.5013063441996104,-0.2776138431208657,0.16,0.2,0.32,0.16,0.08,0.07,0.01,0.0,0.0
72,50,0.2625,0.171846588560844,0.697373575145711,0.7237759301251359,0.1,0.28,0.25,0.23,0.1,0.02,0.01,0.01,0.0
73,50,0.25875,0.16417882780675466,0.45343206717347406,0.8547397760906876,0.14,0.17,0.33,0.25,0.08,0.02,0.0,0.01,0.0
74,50,0.2775,0.1536839288930368,0.44751674262259156,-0.2573410067376276,0.05,0.26,0.31,0.24,0.08,0.06,0.0,0.0,0.0
75,50,0.24375,0.15245388647063085,0.19471378944018197,-0.5150540216086457,0.13,0.24,0.3,0.23,0.08,0.02,0.0,0.0,0.0
76,50,0.27875,0.18696172736685976,0.518298079589822,0.0894776948549385,0.13,0.2,0.27,0.22,0.1,0.06,0.01,0.01,0.0
77,50,0.25125,0.1576140460111344,0.2505591074745722,-0.6228353765362846,0.12,0.24,0.32,0.17,0.13,0.02,0.0,0.0,0.0
78,50,0.23375,0.13992743655195003,0.34283219602115106,-0.27897148803311556,0.1,0.29,0.35,0.17,0.08,0.01,0.0,0.0,0.0
79,50,0.24625,0.16812848509398995,0.4737807778227298,-0.24442263391195374,0.13,0.3,0.21,0.24,0.08,0.03,0.01,0.0,0.0
80,50,0.25625,0.16524130083002858,0.5055034213533344,-0.19354442581984133,0.1,0.29,0.27,0.19,0.11,0.03,0.01,0.0,0.0
81,50,0.25625,0.15347536447260843,0.32619039040406583,0.08314975701921634,0.11,0.21,0.35,0.21,0.1,0.01,0.01,0.0,0.0
82,50,0.27375,0.14863440886954812,0.2005777275221799,-0.3957651102710713,0.07,0.22,0.33,0.24,0.11,0.03,0.0,0.0,0.0
83,50,0.27875,0.15192000362032643,0.4560105925067448,-0.16511248950597235,0.05,0.24,0.34,0.23,0.08,0.06,0.0,0.0,0.0
84,50,0.29125,0.18375850320461362,0.21233290582876316,-0.9539790803102872,0.1,0.24,0.23,0.18,0.16,0.09,0.0,0.0,0.0
85,50,0.2775,0.15163690184120748,0.31262538609957086,0.04726649886025669,0.07,0.21,0.33,0.25,0.11,0.02,0.01,0.0,0.0
86,50,0.25625,0.1699034652383523,0.7696601682089956,1.0066523719102562,0.11,0.26,0.3,0.2,0.09,0.02,0.01,0.01,0.0
87,50,0.2625,0.17365554986812257,0.4251761429292804,-0.6675615452763837,0.1,0.32,0.19,0.23,0.09,0.07,0.0,0.0,0.0
88,50,0.25125,0.17454852477176658,0.3127282851875376,-0.44490034626851926,0.17,0.21,0.25,0.23,0.1,0.03,0.01,0.0,0.0
89,50,0.2625,0.17897276329095443,0.7849675129039547,0.01137418203450169,0.07,0.38,0.2,0.17,0.12,0.03,0.03,0.0,0.0
90,50,0.24,0.14861863947701848,0.44015985803104274,0.2039820785327704,0.11,0.27,0.33,0.19,0.09,0.0,0.01,0.0,0.0
91,50,0.26625,0.1577725815850143,0.29167487275890486,-0.5637210082440713,0.08,0.28,0.25,0.25,0.1,0.04,0.0,0.0,0.0
92,50,0.27125,0.1723504786764458,0.33401164230760644,-0.663604595520543,0.1,0.27,0.23,0.23,0.1,0.07,0.0,0.0,0.0
93,50,0.2725,0.1680587694825831,0.5341246319225235,0.07060420703595405,0.09,0.23,0.33,0.18,0.12,0.03,0.02,0.0,0.0
94,50,0.22625,0.17561943941375055,0.4478448466032945,-0.4116199970073522,0.22,0.23,0.23,0.2,0.09,0.02,0.01,0.0,0.0
95,50,0.25625,0.17354304221143527,0.8074449851653893,0.8836974569385347,0.11,0.27,0.3,0.18,0.09,0.03,0.01,0.01,0.0
96,50,0.26875,0.15848402916382456,0.2763597098214075,-0.215799288424932,0.09,0.25,0.25,0.28,0.1,0.02,0.01,0.0,0.0
97,50,0.2475,0.16005858302509116,0.43743894393498406,0.31420405467247203,0.13,0.25,0.26,0.27,0.07,0.0,0.02,0.0,0.0
98,50,0.2375,0.15360257159305635,0.5788137779604144,-0.07955791412657165,0.1,0.33,0.28,0.19,0.06,0.04,0.0,0.0,0.0
99,50,0.24375,0.1594668852771634,0.35364087734311445,-0.39031054669526544,0.13,0.27,0.26,0.24,0.06,0.04,0.0,0.0,0.0
