approach_name,poison_pct,Random Forest,Gradient Boosting,Logistic Regression,SVM,KNN,Neural Network
A (Random Resample),10,1.0,1.0,1.0,1.0,1.0,1.0
A (Random Resample),20,1.0,1.0,1.0,1.0,1.0,1.0
A (Random Resample),30,1.0,1.0,1.0,1.0,1.0,1.0
A (Random Resample),40,1.0,1.0,1.0,1.0,1.0,1.0
A (Random Resample),50,1.0,1.0,1.0,1.0,1.0,1.0
B (Random +/-1),10,0.9076,0.9144,0.9155,0.9033,0.8696,0.9145
B (Random +/-1),20,0.9949,0.9957,0.9963,0.9955,0.9875,0.9961
B (Random +/-1),30,0.9998,0.9999,1.0,0.9999,0.9988,1.0
B (Random +/-1),40,1.0,0.9996,1.0,1.0,0.9999,1.0
B (Random +/-1),50,1.0,1.0,1.0,1.0,1.0,1.0
"C (+1 only, Availability)",10,0.9977,0.9983,0.9984,0.9981,0.9929,0.9983
"C (+1 only, Availability)",20,1.0,1.0,1.0,1.0,1.0,1.0
"C (+1 only, Availability)",30,1.0,1.0,1.0,1.0,1.0,1.0
"C (+1 only, Availability)",40,1.0,1.0,1.0,1.0,1.0,1.0
"C (+1 only, Availability)",50,1.0,1.0,1.0,1.0,1.0,1.0
"D (-1 only, Stealth)",10,0.9988,0.9993,0.9993,0.9991,0.9955,0.9992
"D (-1 only, Stealth)",20,1.0,0.9999,1.0,1.0,0.9999,1.0
"D (-1 only, Stealth)",30,1.0,1.0,1.0,1.0,1.0,1.0
"D (-1 only, Stealth)",40,1.0,1.0,1.0,1.0,1.0,1.0
"D (-1 only, Stealth)",50,1.0,1.0,1.0,1.0,1.0,1.0
